Genome	Count
MGYG000000001	129
MGYG000000002	71
MGYG000000003	18
MGYG000000004	71
MGYG000000005	22
MGYG000000006	31
MGYG000000007	17
MGYG000000008	39
MGYG000000009	144
MGYG000000010	55
MGYG000000011	12
MGYG000000012	14
MGYG000000013	29
MGYG000000014	63
MGYG000000015	29
MGYG000000016	41
MGYG000000017	30
MGYG000000018	14
MGYG000000019	51
MGYG000000020	95
MGYG000000021	36
MGYG000000022	23
MGYG000000023	11
MGYG000000024	25
MGYG000000025	30
MGYG000000026	177
MGYG000000027	46
MGYG000000028	20
MGYG000000029	40
MGYG000000030	26
MGYG000000031	25
MGYG000000032	58
MGYG000000033	61
MGYG000000034	14
MGYG000000035	15
MGYG000000036	11
MGYG000000037	103
MGYG000000038	42
MGYG000000039	49
MGYG000000040	29
MGYG000000041	63
MGYG000000042	48
MGYG000000043	114
MGYG000000044	20
MGYG000000045	33
MGYG000000046	55
MGYG000000047	57
MGYG000000048	31
MGYG000000049	38
MGYG000000050	92
MGYG000000051	67
MGYG000000052	77
MGYG000000053	23
MGYG000000054	180
MGYG000000055	99
MGYG000000056	75
MGYG000000057	123
MGYG000000058	16
MGYG000000059	15
MGYG000000060	47
MGYG000000061	76
MGYG000000062	21
MGYG000000063	20
MGYG000000064	50
MGYG000000065	96
MGYG000000066	121
MGYG000000067	66
MGYG000000068	52
MGYG000000069	38
MGYG000000070	50
MGYG000000071	47
MGYG000000072	129
MGYG000000073	11
MGYG000000074	8
MGYG000000075	44
MGYG000000076	101
MGYG000000077	36
MGYG000000078	21
MGYG000000079	114
MGYG000000080	11
MGYG000000081	18
MGYG000000082	124
MGYG000000083	41
MGYG000000084	25
MGYG000000085	42
MGYG000000086	98
MGYG000000087	100
MGYG000000088	50
MGYG000000089	30
MGYG000000090	109
MGYG000000091	22
MGYG000000092	57
MGYG000000093	62
MGYG000000094	40
MGYG000000095	36
MGYG000000096	33
MGYG000000097	21
MGYG000000098	110
MGYG000000099	26
MGYG000000100	16
MGYG000000101	42
MGYG000000102	30
MGYG000000103	48
MGYG000000104	68
MGYG000000105	21
MGYG000000106	17
MGYG000000107	30
MGYG000000108	22
MGYG000000109	7
MGYG000000110	23
MGYG000000111	9
MGYG000000112	10
MGYG000000113	26
MGYG000000114	6
MGYG000000115	23
MGYG000000116	23
MGYG000000117	27
MGYG000000118	20
MGYG000000119	53
MGYG000000120	27
MGYG000000121	42
MGYG000000122	35
MGYG000000123	61
MGYG000000124	25
MGYG000000125	68
MGYG000000126	55
MGYG000000127	32
MGYG000000128	18
MGYG000000129	31
MGYG000000130	46
MGYG000000131	37
MGYG000000132	21
MGYG000000133	38
MGYG000000134	49
MGYG000000135	32
MGYG000000136	170
MGYG000000137	73
MGYG000000138	40
MGYG000000139	14
MGYG000000140	46
MGYG000000141	33
MGYG000000142	25
MGYG000000143	50
MGYG000000144	8
MGYG000000145	22
MGYG000000146	31
MGYG000000147	26
MGYG000000148	74
MGYG000000149	163
MGYG000000150	170
MGYG000000151	41
MGYG000000152	89
MGYG000000153	32
MGYG000000154	10
MGYG000000155	29
MGYG000000156	59
MGYG000000157	274
MGYG000000158	86
MGYG000000159	27
MGYG000000160	26
MGYG000000161	134
MGYG000000162	215
MGYG000000163	30
MGYG000000164	20
MGYG000000165	26
MGYG000000166	80
MGYG000000167	46
MGYG000000168	48
MGYG000000169	32
MGYG000000170	31
MGYG000000171	29
MGYG000000172	53
MGYG000000173	7
MGYG000000174	49
MGYG000000175	71
MGYG000000176	68
MGYG000000177	31
MGYG000000178	15
MGYG000000179	61
MGYG000000180	54
MGYG000000181	143
MGYG000000182	68
MGYG000000183	49
MGYG000000184	47
MGYG000000185	121
MGYG000000186	70
MGYG000000187	150
MGYG000000188	47
MGYG000000189	7
MGYG000000190	10
MGYG000000191	103
MGYG000000192	48
MGYG000000193	145
MGYG000000194	84
MGYG000000195	34
MGYG000000196	56
MGYG000000197	45
MGYG000000198	63
MGYG000000199	11
MGYG000000200	83
MGYG000000201	52
MGYG000000202	44
MGYG000000203	75
MGYG000000204	23
MGYG000000205	88
MGYG000000206	26
MGYG000000207	29
MGYG000000208	22
MGYG000000209	64
MGYG000000210	75
MGYG000000211	39
MGYG000000212	26
MGYG000000213	167
MGYG000000214	119
MGYG000000215	152
MGYG000000216	144
MGYG000000217	83
MGYG000000218	75
MGYG000000219	37
MGYG000000220	51
MGYG000000221	39
MGYG000000222	94
MGYG000000223	107
MGYG000000224	21
MGYG000000225	31
MGYG000000226	11
MGYG000000227	58
MGYG000000228	69
MGYG000000229	18
MGYG000000230	19
MGYG000000231	12
MGYG000000232	46
MGYG000000233	36
MGYG000000234	50
MGYG000000235	54
MGYG000000236	59
MGYG000000237	49
MGYG000000238	45
MGYG000000239	42
MGYG000000240	132
MGYG000000241	51
MGYG000000242	54
MGYG000000243	63
MGYG000000244	126
MGYG000000245	82
MGYG000000246	20
MGYG000000247	4
MGYG000000248	15
MGYG000000249	24
MGYG000000250	33
MGYG000000251	47
MGYG000000252	47
MGYG000000253	203
MGYG000000254	37
MGYG000000255	84
MGYG000000256	46
MGYG000000257	51
MGYG000000258	5
MGYG000000259	56
MGYG000000260	33
MGYG000000261	26
MGYG000000262	34
MGYG000000263	37
MGYG000000264	48
MGYG000000265	68
MGYG000000266	28
MGYG000000267	33
MGYG000000268	78
MGYG000000269	57
MGYG000000270	42
MGYG000000271	111
MGYG000000272	184
MGYG000000273	81
MGYG000000274	63
MGYG000000275	39
MGYG000000276	59
MGYG000000277	12
MGYG000000278	160
MGYG000000279	124
MGYG000000280	15
MGYG000000281	88
MGYG000000282	81
MGYG000000283	387
MGYG000000284	151
MGYG000000285	420
MGYG000000286	364
MGYG000000287	244
MGYG000000288	131
MGYG000000289	84
MGYG000000290	67
MGYG000000291	135
MGYG000000292	337
MGYG000000293	119
MGYG000000294	91
MGYG000000295	332
MGYG000000296	38
MGYG000000297	53
MGYG000000298	160
MGYG000000299	55
MGYG000000300	351
MGYG000000301	71
MGYG000000302	61
MGYG000000303	45
MGYG000000304	28
MGYG000000305	34
MGYG000000307	186
MGYG000000308	480
MGYG000000309	91
MGYG000000310	196
MGYG000000311	232
MGYG000000312	57
MGYG000000313	344
MGYG000000314	242
MGYG000000315	102
MGYG000000316	443
MGYG000000317	22
MGYG000000318	57
MGYG000000319	300
MGYG000000320	61
MGYG000000321	282
MGYG000000322	157
MGYG000000323	17
MGYG000000324	292
MGYG000000325	56
MGYG000000326	225
MGYG000000327	393
MGYG000000328	591
MGYG000000330	25
MGYG000000331	98
MGYG000000332	15
MGYG000000333	256
MGYG000000334	505
MGYG000000335	356
MGYG000000336	361
MGYG000000337	401
MGYG000000338	377
MGYG000000339	400
MGYG000000342	290
MGYG000000343	81
MGYG000000344	26
MGYG000000345	41
MGYG000000346	594
MGYG000000347	51
MGYG000000348	79
MGYG000000349	14
MGYG000000350	423
MGYG000000351	29
MGYG000000352	139
MGYG000000353	39
MGYG000000354	58
MGYG000000355	106
MGYG000000356	70
MGYG000000357	67
MGYG000000358	161
MGYG000000359	85
MGYG000000360	14
MGYG000000361	482
MGYG000000362	54
MGYG000000363	14
MGYG000000364	33
MGYG000000365	20
MGYG000000366	54
MGYG000000367	86
MGYG000000368	118
MGYG000000369	56
MGYG000000370	54
MGYG000000371	49
MGYG000000372	23
MGYG000000373	314
MGYG000000374	92
MGYG000000375	28
MGYG000000376	41
MGYG000000377	113
MGYG000000378	91
MGYG000000379	16
MGYG000000380	356
MGYG000000381	10
MGYG000000382	36
MGYG000000383	22
MGYG000000384	27
MGYG000000385	19
MGYG000000386	291
MGYG000000387	83
MGYG000000388	411
MGYG000000389	35
MGYG000000390	376
MGYG000000391	8
MGYG000000392	23
MGYG000000393	393
MGYG000000394	45
MGYG000000395	21
MGYG000000396	77
MGYG000000397	342
MGYG000000398	29
MGYG000000399	24
MGYG000000400	85
MGYG000000401	195
MGYG000000402	21
MGYG000000403	633
MGYG000000404	38
MGYG000000405	23
MGYG000000406	23
MGYG000000407	4
MGYG000000408	18
MGYG000000409	32
MGYG000000410	14
MGYG000000411	12
MGYG000000412	30
MGYG000000413	289
MGYG000000414	25
MGYG000000415	16
MGYG000000416	39
MGYG000000417	69
MGYG000000418	22
MGYG000000419	6
MGYG000000420	161
MGYG000000421	58
MGYG000000422	46
MGYG000000423	22
MGYG000000424	57
MGYG000000425	100
MGYG000000426	32
MGYG000000427	56
MGYG000000428	111
MGYG000000429	16
MGYG000000430	8
MGYG000000431	17
MGYG000000432	49
MGYG000000433	92
MGYG000000434	18
MGYG000000435	20
MGYG000000436	19
MGYG000000437	191
MGYG000000438	31
MGYG000000440	28
MGYG000000441	32
MGYG000000442	55
MGYG000000443	212
MGYG000000444	105
MGYG000000445	107
MGYG000000446	47
MGYG000000447	34
MGYG000000448	242
MGYG000000449	69
MGYG000000450	112
MGYG000000451	43
MGYG000000452	115
MGYG000000453	16
MGYG000000454	353
MGYG000000455	453
MGYG000000456	511
MGYG000000457	34
MGYG000000458	23
MGYG000000459	4
MGYG000000460	24
MGYG000000461	144
MGYG000000462	78
MGYG000000463	18
MGYG000000464	12
MGYG000000465	20
MGYG000000466	114
MGYG000000467	56
MGYG000000468	163
MGYG000000469	28
MGYG000000470	240
MGYG000000471	36
MGYG000000472	3
MGYG000000473	163
MGYG000000474	369
MGYG000000475	39
MGYG000000476	68
MGYG000000477	79
MGYG000000478	37
MGYG000000479	16
MGYG000000480	68
MGYG000000481	230
MGYG000000482	6
MGYG000000483	68
MGYG000000484	25
MGYG000000485	77
MGYG000000486	36
MGYG000000487	44
MGYG000000488	65
MGYG000000489	43
MGYG000000490	185
MGYG000000491	18
MGYG000000492	16
MGYG000000493	25
MGYG000000494	75
MGYG000000495	71
MGYG000000496	6
MGYG000000497	451
MGYG000000498	63
MGYG000000499	259
MGYG000000500	184
MGYG000000501	26
MGYG000000502	69
MGYG000000503	17
MGYG000000504	39
MGYG000000505	172
MGYG000000506	18
MGYG000000507	30
MGYG000000508	22
MGYG000000509	21
MGYG000000510	102
MGYG000000511	30
MGYG000000512	166
MGYG000000513	53
MGYG000000514	141
MGYG000000515	46
MGYG000000516	355
MGYG000000517	49
MGYG000000518	107
MGYG000000519	6
MGYG000000520	91
MGYG000000521	24
MGYG000000522	132
MGYG000000523	24
MGYG000000524	30
MGYG000000525	78
MGYG000000526	38
MGYG000000527	9
MGYG000000528	36
MGYG000000529	26
MGYG000000530	73
MGYG000000531	117
MGYG000000532	40
MGYG000000533	31
MGYG000000534	85
MGYG000000535	143
MGYG000000536	358
MGYG000000537	99
MGYG000000538	30
MGYG000000539	92
MGYG000000540	60
MGYG000000541	441
MGYG000000542	33
MGYG000000543	71
MGYG000000544	226
MGYG000000545	81
MGYG000000546	245
MGYG000000547	586
MGYG000000548	205
MGYG000000549	17
MGYG000000550	202
MGYG000000551	73
MGYG000000552	314
MGYG000000553	60
MGYG000000554	271
MGYG000000555	609
MGYG000000556	269
MGYG000000557	21
MGYG000000558	79
MGYG000000559	67
MGYG000000560	97
MGYG000000561	54
MGYG000000562	20
MGYG000000563	155
MGYG000000564	177
MGYG000000565	182
MGYG000000566	449
MGYG000000567	13
MGYG000000568	120
MGYG000000570	340
MGYG000000571	30
MGYG000000572	164
MGYG000000573	139
MGYG000000574	1220
MGYG000000575	373
MGYG000000576	92
MGYG000000577	12
MGYG000000578	278
MGYG000000579	31
MGYG000000580	24
MGYG000000581	38
MGYG000000582	42
MGYG000000583	82
MGYG000000584	108
MGYG000000585	130
MGYG000000586	256
MGYG000000587	428
MGYG000000588	228
MGYG000000589	357
MGYG000000590	54
MGYG000000591	57
MGYG000000592	537
MGYG000000593	326
MGYG000000594	154
MGYG000000595	71
MGYG000000596	38
MGYG000000597	102
MGYG000000598	47
MGYG000000599	260
MGYG000000600	61
MGYG000000601	344
MGYG000000602	17
MGYG000000603	24
MGYG000000604	37
MGYG000000605	238
MGYG000000606	28
MGYG000000607	31
MGYG000000608	555
MGYG000000609	186
MGYG000000610	34
MGYG000000611	68
MGYG000000612	260
MGYG000000613	338
MGYG000000614	46
MGYG000000615	44
MGYG000000616	59
MGYG000000617	69
MGYG000000618	263
MGYG000000619	91
MGYG000000620	117
MGYG000000621	141
MGYG000000622	82
MGYG000000623	188
MGYG000000624	200
MGYG000000625	150
MGYG000000626	153
MGYG000000627	278
MGYG000000628	89
MGYG000000630	174
MGYG000000631	58
MGYG000000632	400
MGYG000000633	56
MGYG000000634	101
MGYG000000635	197
MGYG000000636	55
MGYG000000637	245
MGYG000000638	99
MGYG000000639	284
MGYG000000640	51
MGYG000000641	84
MGYG000000642	20
MGYG000000643	46
MGYG000000644	155
MGYG000000645	140
MGYG000000646	20
MGYG000000647	111
MGYG000000648	51
MGYG000000649	52
MGYG000000650	214
MGYG000000651	251
MGYG000000652	57
MGYG000000653	29
MGYG000000654	77
MGYG000000655	172
MGYG000000656	87
MGYG000000657	629
MGYG000000658	18
MGYG000000659	39
MGYG000000660	192
MGYG000000661	91
MGYG000000662	228
MGYG000000663	113
MGYG000000664	57
MGYG000000665	126
MGYG000000666	432
MGYG000000667	25
MGYG000000668	62
MGYG000000669	17
MGYG000000670	106
MGYG000000671	124
MGYG000000672	33
MGYG000000673	67
MGYG000000674	396
MGYG000000675	252
MGYG000000676	114
MGYG000000677	238
MGYG000000678	78
MGYG000000679	59
MGYG000000680	508
MGYG000000681	375
MGYG000000682	81
MGYG000000683	10
MGYG000000684	134
MGYG000000685	101
MGYG000000686	53
MGYG000000687	280
MGYG000000688	415
MGYG000000689	188
MGYG000000690	118
MGYG000000691	174
MGYG000000692	185
MGYG000000693	84
MGYG000000694	108
MGYG000000695	73
MGYG000000696	82
MGYG000000698	102
MGYG000000699	408
MGYG000000700	139
MGYG000000701	75
MGYG000000702	361
MGYG000000703	52
MGYG000000704	29
MGYG000000705	5
MGYG000000706	39
MGYG000000707	92
MGYG000000708	346
MGYG000000709	458
MGYG000000710	155
MGYG000000711	462
MGYG000000712	235
MGYG000000713	390
MGYG000000714	29
MGYG000000715	34
MGYG000000716	98
MGYG000000717	85
MGYG000000718	22
MGYG000000719	57
MGYG000000720	154
MGYG000000721	43
MGYG000000722	80
MGYG000000723	14
MGYG000000724	281
MGYG000000725	114
MGYG000000726	15
MGYG000000727	98
MGYG000000728	201
MGYG000000729	28
MGYG000000730	24
MGYG000000731	310
MGYG000000732	19
MGYG000000733	95
MGYG000000734	57
MGYG000000735	185
MGYG000000736	68
MGYG000000737	368
MGYG000000738	268
MGYG000000739	200
MGYG000000740	74
MGYG000000741	51
MGYG000000742	145
MGYG000000743	47
MGYG000000744	173
MGYG000000745	111
MGYG000000746	44
MGYG000000747	252
MGYG000000748	103
MGYG000000749	259
MGYG000000750	109
MGYG000000751	103
MGYG000000752	112
MGYG000000753	34
MGYG000000754	355
MGYG000000755	30
MGYG000000756	61
MGYG000000757	134
MGYG000000758	61
MGYG000000759	464
MGYG000000760	31
MGYG000000761.1	284
MGYG000000762	51
MGYG000000763	281
MGYG000000764	33
MGYG000000765	46
MGYG000000766	24
MGYG000000767	267
MGYG000000768	31
MGYG000000769	48
MGYG000000770	9
MGYG000000771	318
MGYG000000772	30
MGYG000000773	63
MGYG000000774	121
MGYG000000775	132
MGYG000000776	234
MGYG000000777	25
MGYG000000778	26
MGYG000000779	204
MGYG000000780	51
MGYG000000781	77
MGYG000000782	27
MGYG000000783	28
MGYG000000784	27
MGYG000000785	112
MGYG000000786	141
MGYG000000787	154
MGYG000000788	97
MGYG000000789	87
MGYG000000790	396
MGYG000000791	72
MGYG000000792	39
MGYG000000793	302
MGYG000000794	255
MGYG000000795	159
MGYG000000796	52
MGYG000000797	146
MGYG000000798	110
MGYG000000801	62
MGYG000000802	34
MGYG000000803	4
MGYG000000805	116
MGYG000000806	160
MGYG000000807	52
MGYG000000808	335
MGYG000000809	33
MGYG000000810	38
MGYG000000811	21
MGYG000000812	21
MGYG000000813	8
MGYG000000814	104
MGYG000000815	20
MGYG000000817	123
MGYG000000818	265
MGYG000000820	35
MGYG000000821	117
MGYG000000822	60
MGYG000000823	61
MGYG000000824	213
MGYG000000825	40
MGYG000000826	107
MGYG000000827	36
MGYG000000829	94
MGYG000000830	90
MGYG000000832	37
MGYG000000833	27
MGYG000000835	98
MGYG000000836	33
MGYG000000837	123
MGYG000000838	295
MGYG000000839	79
MGYG000000840	47
MGYG000000841	42
MGYG000000842	26
MGYG000000843	35
MGYG000000844	312
MGYG000000845	50
MGYG000000846	40
MGYG000000847	79
MGYG000000850	21
MGYG000000851	311
MGYG000000852	62
MGYG000000853	207
MGYG000000854	52
MGYG000000855	40
MGYG000000856	85
MGYG000000857	51
MGYG000000858	38
MGYG000000859	76
MGYG000000860	235
MGYG000000861	98
MGYG000000862	37
MGYG000000863	29
MGYG000000864	31
MGYG000000865	315
MGYG000000866	74
MGYG000000867	42
MGYG000000868	209
MGYG000000869	77
MGYG000000870	31
MGYG000000872	56
MGYG000000873	83
MGYG000000874	20
MGYG000000875	103
MGYG000000876	475
MGYG000000877	38
MGYG000000878	136
MGYG000000879	91
MGYG000000880	325
MGYG000000881	188
MGYG000000883	128
MGYG000000884	39
MGYG000000885	78
MGYG000000886	24
MGYG000000887	41
MGYG000000889	78
MGYG000000892	375
MGYG000000894	240
MGYG000000896	38
MGYG000000897	27
MGYG000000898	182
MGYG000000899	46
MGYG000000900	110
MGYG000000901	61
MGYG000000902	155
MGYG000000903	69
MGYG000000904	273
MGYG000000905	14
MGYG000000906	15
MGYG000000907	62
MGYG000000908	299
MGYG000000909	46
MGYG000000910	60
MGYG000000911	231
MGYG000000913	117
MGYG000000914	73
MGYG000000915	37
MGYG000000916	43
MGYG000000917	34
MGYG000000918	21
MGYG000000919	53
MGYG000000920	73
MGYG000000921	82
MGYG000000922	67
MGYG000000923	23
MGYG000000924	57
MGYG000000925	8
MGYG000000926	203
MGYG000000927	34
MGYG000000928	238
MGYG000000929	41
MGYG000000930	38
MGYG000000931	109
MGYG000000932	114
MGYG000000933	15
MGYG000000934	367
MGYG000000935	310
MGYG000000936	211
MGYG000000937	45
MGYG000000938	144
MGYG000000939	45
MGYG000000940	242
MGYG000000941	58
MGYG000000942	23
MGYG000000943	17
MGYG000000944	33
MGYG000000945	24
MGYG000000946	17
MGYG000000947	233
MGYG000000948	21
MGYG000000949	231
MGYG000000950	54
MGYG000000951	100
MGYG000000952	18
MGYG000000953	213
MGYG000000955	285
MGYG000000956	11
MGYG000000958	23
MGYG000000959	113
MGYG000000960	149
MGYG000000962	7
MGYG000000963	202
MGYG000000964	107
MGYG000000965	76
MGYG000000966	122
MGYG000000967	231
MGYG000000968	19
MGYG000000969	87
MGYG000000970	218
MGYG000000971	483
MGYG000000972	17
MGYG000000973	204
MGYG000000974	47
MGYG000000975	69
MGYG000000976	41
MGYG000000977	59
MGYG000000978	56
MGYG000000979	177
MGYG000000980	10
MGYG000000981	123
MGYG000000982	100
MGYG000000984	248
MGYG000000985	134
MGYG000000986	107
MGYG000000987	106
MGYG000000988	219
MGYG000000989	181
MGYG000000990	80
MGYG000000991	353
MGYG000000992	38
MGYG000000993	20
MGYG000000994	21
MGYG000000995	58
MGYG000000996	162
MGYG000000997	111
MGYG000000998	30
MGYG000001000	394
MGYG000001001	57
MGYG000001002	61
MGYG000001003	123
MGYG000001004	130
MGYG000001005	97
MGYG000001006	376
MGYG000001007	137
MGYG000001008	119
MGYG000001009	302
MGYG000001010	35
MGYG000001011	29
MGYG000001012	65
MGYG000001013	24
MGYG000001014	246
MGYG000001015	256
MGYG000001016	52
MGYG000001017	207
MGYG000001018	169
MGYG000001019	112
MGYG000001020	644
MGYG000001021	38
MGYG000001022	113
MGYG000001023	97
MGYG000001024	76
MGYG000001025	38
MGYG000001026	57
MGYG000001027	152
MGYG000001028	634
MGYG000001029	18
MGYG000001030	37
MGYG000001031	191
MGYG000001032	435
MGYG000001033	745
MGYG000001034	121
MGYG000001035	1160
MGYG000001036	484
MGYG000001037	213
MGYG000001039	173
MGYG000001040	249
MGYG000001041	248
MGYG000001042	133
MGYG000001043	29
MGYG000001044	20
MGYG000001045	168
MGYG000001046	190
MGYG000001048	386
MGYG000001049	658
MGYG000001050	48
MGYG000001053	57
MGYG000001054	131
MGYG000001055	112
MGYG000001056	224
MGYG000001057	35
MGYG000001058	302
MGYG000001059	99
MGYG000001060	114
MGYG000001061	262
MGYG000001062	204
MGYG000001063	158
MGYG000001064	184
MGYG000001065	70
MGYG000001066.1	36
MGYG000001067	374
MGYG000001068	86
MGYG000001069	380
MGYG000001070	70
MGYG000001071	592
MGYG000001072	117
MGYG000001073	276
MGYG000001074	974
MGYG000001075	416
MGYG000001076	304
MGYG000001077	94
MGYG000001078	236
MGYG000001079	726
MGYG000001080	671
MGYG000001081	245
MGYG000001082	233
MGYG000001083	318
MGYG000001084	488
MGYG000001085	44
MGYG000001086	246
MGYG000001087	434
MGYG000001088	21
MGYG000001089	249
MGYG000001090	32
MGYG000001091	1059
MGYG000001092	70
MGYG000001093	206
MGYG000001094	195
MGYG000001095	587
MGYG000001096	63
MGYG000001097	162
MGYG000001098	44
MGYG000001099	114
MGYG000001100	238
MGYG000001101	69
MGYG000001102	171
MGYG000001103	365
MGYG000001105	28
MGYG000001106	797
MGYG000001107	164
MGYG000001108	46
MGYG000001109	96
MGYG000001110	89
MGYG000001112	28
MGYG000001113	76
MGYG000001114	61
MGYG000001115	170
MGYG000001116	56
MGYG000001117	42
MGYG000001118	177
MGYG000001120	39
MGYG000001121	97
MGYG000001122	67
MGYG000001123	300
MGYG000001124	331
MGYG000001125	240
MGYG000001126	90
MGYG000001127	239
MGYG000001129	227
MGYG000001130	59
MGYG000001131	95
MGYG000001132	46
MGYG000001133	596
MGYG000001134	29
MGYG000001135	148
MGYG000001136	24
MGYG000001137	32
MGYG000001138	82
MGYG000001139	67
MGYG000001140	186
MGYG000001141	112
MGYG000001142	685
MGYG000001145	7
MGYG000001146	41
MGYG000001148	344
MGYG000001149	30
MGYG000001150	113
MGYG000001151	256
MGYG000001152	98
MGYG000001153	71
MGYG000001154	15
MGYG000001155	302
MGYG000001156	128
MGYG000001157	126
MGYG000001158	68
MGYG000001159	60
MGYG000001160	28
MGYG000001161	59
MGYG000001162	36
MGYG000001163	23
MGYG000001164	184
MGYG000001165	85
MGYG000001166	106
MGYG000001167	10
MGYG000001168	30
MGYG000001169	654
MGYG000001170	194
MGYG000001171	152
MGYG000001172	97
MGYG000001173	103
MGYG000001174	135
MGYG000001175	44
MGYG000001176	54
MGYG000001177	38
MGYG000001178	84
MGYG000001179	65
MGYG000001180	49
MGYG000001181	588
MGYG000001182	98
MGYG000001183	23
MGYG000001184	30
MGYG000001185	25
MGYG000001186	52
MGYG000001187	126
MGYG000001188	24
MGYG000001189	63
MGYG000001190	310
MGYG000001191	88
MGYG000001192	164
MGYG000001193	12
MGYG000001194	52
MGYG000001195	39
MGYG000001196	48
MGYG000001197	149
MGYG000001198	174
MGYG000001199	58
MGYG000001200	109
MGYG000001201	40
MGYG000001202	30
MGYG000001203	44
MGYG000001204	121
MGYG000001205	197
MGYG000001206	6
MGYG000001208	32
MGYG000001209	45
MGYG000001210	391
MGYG000001211	99
MGYG000001212	222
MGYG000001213	302
MGYG000001214	131
MGYG000001215	59
MGYG000001216	23
MGYG000001217	524
MGYG000001218	297
MGYG000001219	410
MGYG000001220	154
MGYG000001221	346
MGYG000001222	85
MGYG000001223	71
MGYG000001224	119
MGYG000001225	34
MGYG000001226	148
MGYG000001227	117
MGYG000001228	181
MGYG000001230	7
MGYG000001231	249
MGYG000001232	330
MGYG000001233	309
MGYG000001234	56
MGYG000001236	55
MGYG000001237	311
MGYG000001238	373
MGYG000001239	178
MGYG000001240	101
MGYG000001241	133
MGYG000001242	123
MGYG000001243	77
MGYG000001244	107
MGYG000001246	64
MGYG000001247	34
MGYG000001248	92
MGYG000001249	90
MGYG000001250	210
MGYG000001251	262
MGYG000001252	391
MGYG000001253	34
MGYG000001254	58
MGYG000001255	58
MGYG000001256	16
MGYG000001257	592
MGYG000001258	51
MGYG000001259	57
MGYG000001260	709
MGYG000001261	714
MGYG000001262	316
MGYG000001263	513
MGYG000001264	565
MGYG000001265	721
MGYG000001266	61
MGYG000001267	83
MGYG000001268	398
MGYG000001269	163
MGYG000001270	320
MGYG000001271	19
MGYG000001272	381
MGYG000001273	182
MGYG000001274	227
MGYG000001275	82
MGYG000001276	62
MGYG000001277	202
MGYG000001278	280
MGYG000001279	683
MGYG000001280	45
MGYG000001281	154
MGYG000001283	17
MGYG000001284	505
MGYG000001285	190
MGYG000001286	120
MGYG000001287	37
MGYG000001288	70
MGYG000001289	63
MGYG000001290	279
MGYG000001291	2
MGYG000001292	1
MGYG000001293	1
MGYG000001294	37
MGYG000001295	3
MGYG000001296	4
MGYG000001297	11
MGYG000001298	4
MGYG000001299	19
MGYG000001300	25
MGYG000001301	16
MGYG000001302.1	11
MGYG000001303	41
MGYG000001304	12
MGYG000001305	5
MGYG000001306	90
MGYG000001307	52
MGYG000001308	21
MGYG000001309	2
MGYG000001310	47
MGYG000001311	108
MGYG000001312	44
MGYG000001313	20
MGYG000001314	9
MGYG000001315	13
MGYG000001316	6
MGYG000001317	10
MGYG000001318	10
MGYG000001319	31
MGYG000001320	26
MGYG000001321	47
MGYG000001322	11
MGYG000001323	32
MGYG000001324	6
MGYG000001325	28
MGYG000001326	2
MGYG000001327	8
MGYG000001328	5
MGYG000001329	9
MGYG000001330	21
MGYG000001331	9
MGYG000001332	17
MGYG000001333.1	104
MGYG000001334	7
MGYG000001335	48
MGYG000001336	5
MGYG000001337	5
MGYG000001338	3
MGYG000001339	8
MGYG000001340	13
MGYG000001341	29
MGYG000001342	5
MGYG000001343	44
MGYG000001344	18
MGYG000001345	36
MGYG000001346	15
MGYG000001347	1
MGYG000001348	1
MGYG000001349	10
MGYG000001350	31
MGYG000001351	87
MGYG000001352	85
MGYG000001353	25
MGYG000001354	2
MGYG000001355	52
MGYG000001356	6
MGYG000001357	1
MGYG000001358	14
MGYG000001359	4
MGYG000001360	40
MGYG000001361	37
MGYG000001362	7
MGYG000001363	20
MGYG000001364	19
MGYG000001365	96
MGYG000001366	141
MGYG000001367	55
MGYG000001368	47
MGYG000001369	26
MGYG000001370	97
MGYG000001371	185
MGYG000001372	87
MGYG000001373	1
MGYG000001374	28
MGYG000001375	1
MGYG000001376	25
MGYG000001377	28
MGYG000001378	25
MGYG000001379	32
MGYG000001380	41
MGYG000001381	66
MGYG000001382	20
MGYG000001383	12
MGYG000001384	17
MGYG000001385	6
MGYG000001386	69
MGYG000001387	30
MGYG000001388	63
MGYG000001389	8
MGYG000001390	28
MGYG000001391	32
MGYG000001392	13
MGYG000001393	79
MGYG000001394	16
MGYG000001395	17
MGYG000001396	10
MGYG000001397	14
MGYG000001398	3
MGYG000001399	9
MGYG000001400	9
MGYG000001401	188
MGYG000001402	9
MGYG000001403	50
MGYG000001404	96
MGYG000001405	72
MGYG000001406.1	60
MGYG000001407	83
MGYG000001408	17
MGYG000001409	5
MGYG000001410	11
MGYG000001411	10
MGYG000001412	24
MGYG000001413	3
MGYG000001414	5
MGYG000001415	4
MGYG000001416	7
MGYG000001417	3
MGYG000001418	5
MGYG000001419	6
MGYG000001420	6
MGYG000001421	95
MGYG000001422	15
MGYG000001423	122
MGYG000001424	21
MGYG000001425	29
MGYG000001426	77
MGYG000001427	118
MGYG000001428	120
MGYG000001429	60
MGYG000001430	17
MGYG000001431	42
MGYG000001432	1
MGYG000001433	6
MGYG000001434	4
MGYG000001435	1
MGYG000001436	5
MGYG000001437	4
MGYG000001438	5
MGYG000001439	6
MGYG000001440	1
MGYG000001441	3
MGYG000001442	4
MGYG000001443	12
MGYG000001444	3
MGYG000001445	3
MGYG000001446	2
MGYG000001447	7
MGYG000001448	1
MGYG000001449	154
MGYG000001450	19
MGYG000001451	9
MGYG000001452	24
MGYG000001453	286
MGYG000001454	161
MGYG000001455.1	125
MGYG000001456.1	122
MGYG000001457	9
MGYG000001458	174
MGYG000001459	50
MGYG000001460	257
MGYG000001461	18
MGYG000001462	4
MGYG000001463	1
MGYG000001464	13
MGYG000001465	28
MGYG000001466	33
MGYG000001467	104
MGYG000001468	4
MGYG000001469	149
MGYG000001470	7
MGYG000001471	12
MGYG000001472	12
MGYG000001473	82
MGYG000001474	17
MGYG000001475	33
MGYG000001476	17
MGYG000001477	15
MGYG000001478	40
MGYG000001479	161
MGYG000001480	309
MGYG000001481	4
MGYG000001482	1
MGYG000001483	20
MGYG000001484	3
MGYG000001485	7
MGYG000001486	24
MGYG000001487	6
MGYG000001488	7
MGYG000001489	7
MGYG000001490	1
MGYG000001491	6
MGYG000001492	7
MGYG000001493	30
MGYG000001494	7
MGYG000001495	5
MGYG000001496	21
MGYG000001497	6
MGYG000001498	9
MGYG000001499	9
MGYG000001500	10
MGYG000001501	14
MGYG000001502	7
MGYG000001503	2
MGYG000001504	16
MGYG000001505	2
MGYG000001506	3
MGYG000001507	13
MGYG000001508	5
MGYG000001509	7
MGYG000001510	9
MGYG000001511	10
MGYG000001512	19
MGYG000001513	11
MGYG000001514	12
MGYG000001515	5
MGYG000001516	92
MGYG000001517	98
MGYG000001518	7
MGYG000001519	13
MGYG000001520	10
MGYG000001521	8
MGYG000001522	5
MGYG000001523	13
MGYG000001524	9
MGYG000001525	20
MGYG000001526	15
MGYG000001527	19
MGYG000001528	5
MGYG000001529	7
MGYG000001530	3
MGYG000001531	8
MGYG000001532	12
MGYG000001533	1
MGYG000001534	7
MGYG000001535	39
MGYG000001536	13
MGYG000001537	13
MGYG000001538	35
MGYG000001539	14
MGYG000001540	22
MGYG000001541	2
MGYG000001542	46
MGYG000001543	7
MGYG000001544	21
MGYG000001545	2
MGYG000001546	5
MGYG000001547	9
MGYG000001548	4
MGYG000001549	12
MGYG000001550	2
MGYG000001551	11
MGYG000001552	10
MGYG000001553	5
MGYG000001554	14
MGYG000001555	6
MGYG000001556	4
MGYG000001557	6
MGYG000001558	4
MGYG000001559	2
MGYG000001560	7
MGYG000001561	2
MGYG000001562	21
MGYG000001563	1
MGYG000001564	98
MGYG000001565	22
MGYG000001566	37
MGYG000001567	58
MGYG000001568	389
MGYG000001569	11
MGYG000001570	471
MGYG000001571	95
MGYG000001572	20
MGYG000001573	422
MGYG000001574	24
MGYG000001575	27
MGYG000001576	52
MGYG000001577	180
MGYG000001578	41
MGYG000001579	39
MGYG000001580	461
MGYG000001581	182
MGYG000001582	480
MGYG000001583	441
MGYG000001584	436
MGYG000001585	175
MGYG000001586	104
MGYG000001587	170
MGYG000001588	184
MGYG000001589	38
MGYG000001590	180
MGYG000001591	152
MGYG000001592	131
MGYG000001593	214
MGYG000001594	355
MGYG000001595	201
MGYG000001596	147
MGYG000001597	279
MGYG000001598	226
MGYG000001599	138
MGYG000001600	469
MGYG000001601	52
MGYG000001602	98
MGYG000001603	236
MGYG000001604	34
MGYG000001605	41
MGYG000001606	96
MGYG000001607	51
MGYG000001608	35
MGYG000001609	58
MGYG000001610	40
MGYG000001611	35
MGYG000001612	17
MGYG000001613	11
MGYG000001614	43
MGYG000001615	118
MGYG000001616	90
MGYG000001617	128
MGYG000001618	14
MGYG000001619	83
MGYG000001620	95
MGYG000001621	350
MGYG000001622	60
MGYG000001623	496
MGYG000001624	101
MGYG000001625	319
MGYG000001626	24
MGYG000001627	56
MGYG000001628	131
MGYG000001629	20
MGYG000001630	119
MGYG000001631	406
MGYG000001632	450
MGYG000001633	74
MGYG000001634	166
MGYG000001635	76
MGYG000001636	386
MGYG000001637	35
MGYG000001638	329
MGYG000001639	8
MGYG000001640	205
MGYG000001641	87
MGYG000001642	144
MGYG000001643	207
MGYG000001644	177
MGYG000001645	306
MGYG000001646	46
MGYG000001647	65
MGYG000001648	17
MGYG000001649	165
MGYG000001650	256
MGYG000001651	54
MGYG000001652	113
MGYG000001653	194
MGYG000001654	275
MGYG000001655	85
MGYG000001656	281
MGYG000001657	273
MGYG000001658	228
MGYG000001659	93
MGYG000001660	262
MGYG000001661	58
MGYG000001662	226
MGYG000001663	79
MGYG000001664	96
MGYG000001665	277
MGYG000001666	266
MGYG000001668	290
MGYG000001669	6
MGYG000001671	275
MGYG000001672	48
MGYG000001673	73
MGYG000001674	202
MGYG000001675	165
MGYG000001676	22
MGYG000001677	18
MGYG000001678	59
MGYG000001679	372
MGYG000001680	24
MGYG000001681	382
MGYG000001682	49
MGYG000001683	315
MGYG000001684	362
MGYG000001685	90
MGYG000001686	429
MGYG000001687	71
MGYG000001688	142
MGYG000001689	69
MGYG000001690	71
MGYG000001691	24
MGYG000001692	44
MGYG000001693	41
MGYG000001694	1
MGYG000001695	141
MGYG000001696	193
MGYG000001697	133
MGYG000001698	54
MGYG000001699	96
MGYG000001700	30
MGYG000001701	50
MGYG000001702	5
MGYG000001703	38
MGYG000001704	1
MGYG000001705	1
MGYG000001706	1
MGYG000001707	25
MGYG000001708	127
MGYG000001709	177
MGYG000001710	118
MGYG000001711	161
MGYG000001712	3
MGYG000001713	24
MGYG000001714	1
MGYG000001715	313
MGYG000001717	89
MGYG000001718	118
MGYG000001720	98
MGYG000001723	132
MGYG000001724	364
MGYG000001725	40
MGYG000001726	284
MGYG000001727	265
MGYG000001728	506
MGYG000001729	25
MGYG000001731	239
MGYG000001732	186
MGYG000001733	137
MGYG000001735	119
MGYG000001736	53
MGYG000001737	10
MGYG000001738	50
MGYG000001739	29
MGYG000001740	212
MGYG000001741	73
MGYG000001742	49
MGYG000001743	284
MGYG000001744	103
MGYG000001745	26
MGYG000001746	169
MGYG000001747	61
MGYG000001748	83
MGYG000001749	223
MGYG000001750	95
MGYG000001752	20
MGYG000001753	75
MGYG000001754	159
MGYG000001756	35
MGYG000001757	119
MGYG000001758	243
MGYG000001759	88
MGYG000001760	36
MGYG000001761	495
MGYG000001762	28
MGYG000001763	91
MGYG000001764	140
MGYG000001765	138
MGYG000001766	229
MGYG000001767	43
MGYG000001768	310
MGYG000001769	24
MGYG000001770	122
MGYG000001771	164
MGYG000001772	17
MGYG000001773	147
MGYG000001774	42
MGYG000001775	153
MGYG000001776	49
MGYG000001777	82
MGYG000001778	367
MGYG000001779	175
MGYG000001780	100
MGYG000001781	152
MGYG000001782	22
MGYG000001783	83
MGYG000001784	208
MGYG000001785	54
MGYG000001786	19
MGYG000001787	180
MGYG000001788	87
MGYG000001789	109
MGYG000001790	157
MGYG000001791	229
MGYG000001792	771
MGYG000001793	45
MGYG000001794	174
MGYG000001795	32
MGYG000001797	102
MGYG000001798	62
MGYG000001799	410
MGYG000001800	82
MGYG000001801	229
MGYG000001802	233
MGYG000001803	96
MGYG000001804	117
MGYG000001805	114
MGYG000001806	167
MGYG000001807	185
MGYG000001808	353
MGYG000001809	115
MGYG000001810	56
MGYG000001811	483
MGYG000001812	185
MGYG000001813	376
MGYG000001814	110
MGYG000001815	60
MGYG000001816	256
MGYG000001817	188
MGYG000001818	407
MGYG000001819	64
MGYG000001820	174
MGYG000001821	132
MGYG000001822	308
MGYG000001823	140
MGYG000001824	58
MGYG000001825	324
MGYG000001826	196
MGYG000001827	53
MGYG000001828	22
MGYG000001831	208
MGYG000001832	475
MGYG000001833	142
MGYG000001834	95
MGYG000001835	80
MGYG000001836	44
MGYG000001837	115
MGYG000001838	56
MGYG000001839	81
MGYG000001840	69
MGYG000001841	436
MGYG000001842	54
MGYG000001843	73
MGYG000001844	374
MGYG000001845	155
MGYG000001846	133
MGYG000001848	27
MGYG000001850	89
MGYG000001851	112
MGYG000001852	281
MGYG000001853	32
MGYG000001854	27
MGYG000001855	16
MGYG000001856	33
MGYG000001857	194
MGYG000001858	37
MGYG000001859	91
MGYG000001860	79
MGYG000001861	184
MGYG000001862	79
MGYG000001863	162
MGYG000001864	243
MGYG000001865	67
MGYG000001866	56
MGYG000001867	226
MGYG000001868	344
MGYG000001869	46
MGYG000001870	85
MGYG000001871	18
MGYG000001873	464
MGYG000001874	83
MGYG000001875	39
MGYG000001876	137
MGYG000001878	112
MGYG000001879	417
MGYG000001880	273
MGYG000001881	43
MGYG000001883	56
MGYG000001884	815
MGYG000001885	196
MGYG000001886	457
MGYG000001887	71
MGYG000001888	366
MGYG000001889	196
MGYG000001890	145
MGYG000001891	127
MGYG000001892	53
MGYG000001893	50
MGYG000001894	150
MGYG000001895	26
MGYG000001896	235
MGYG000001897	28
MGYG000001898	174
MGYG000001899	70
MGYG000001900	86
MGYG000001901	65
MGYG000001902	103
MGYG000001903	341
MGYG000001904	265
MGYG000001905	85
MGYG000001906	106
MGYG000001907	77
MGYG000001908	15
MGYG000001909	232
MGYG000001910	64
MGYG000001911	155
MGYG000001912	481
MGYG000001913	85
MGYG000001914	427
MGYG000001915	377
MGYG000001916	395
MGYG000001917	63
MGYG000001918	88
MGYG000001919	40
MGYG000001920	164
MGYG000001921	18
MGYG000001922	97
MGYG000001923	260
MGYG000001924	96
MGYG000001925	75
MGYG000001926	27
MGYG000001927	74
MGYG000001928	91
MGYG000001929	54
MGYG000001930	15
MGYG000001931	99
MGYG000001932	121
MGYG000001933	82
MGYG000001934	181
MGYG000001935	304
MGYG000001936	85
MGYG000001937	43
MGYG000001938	47
MGYG000001939	220
MGYG000001940	115
MGYG000001941	16
MGYG000001942	141
MGYG000001944	294
MGYG000001945	22
MGYG000001946	18
MGYG000001947	62
MGYG000001948	55
MGYG000001949	183
MGYG000001950	283
MGYG000001951	51
MGYG000001952	355
MGYG000001953	327
MGYG000001954	192
MGYG000001955	132
MGYG000001956	56
MGYG000001957	56
MGYG000001958	587
MGYG000001959	15
MGYG000001960	59
MGYG000001961	170
MGYG000001962	41
MGYG000001963	108
MGYG000001964	103
MGYG000001965	46
MGYG000001966	57
MGYG000001967	144
MGYG000001968	24
MGYG000001969	444
MGYG000001970	86
MGYG000001971	455
MGYG000001972	264
MGYG000001973	15
MGYG000001974	41
MGYG000001975	153
MGYG000001976	433
MGYG000001977	309
MGYG000001978	99
MGYG000001979	399
MGYG000001980	250
MGYG000001981	165
MGYG000001982	70
MGYG000001983	73
MGYG000001984	189
MGYG000001985	49
MGYG000001986	84
MGYG000001987	55
MGYG000001988	66
MGYG000001989	74
MGYG000001991	89
MGYG000001992	229
MGYG000001993	90
MGYG000001994	96
MGYG000001995	110
MGYG000001996	116
MGYG000001998	29
MGYG000002000	310
MGYG000002001	17
MGYG000002002	10
MGYG000002004	145
MGYG000002005	394
MGYG000002006	186
MGYG000002007	19
MGYG000002008	37
MGYG000002009	122
MGYG000002010	284
MGYG000002011	542
MGYG000002013	62
MGYG000002014	182
MGYG000002015	326
MGYG000002016	239
MGYG000002017	427
MGYG000002018	172
MGYG000002019	23
MGYG000002020	41
MGYG000002021	33
MGYG000002022	69
MGYG000002023	150
MGYG000002024	77
MGYG000002025	125
MGYG000002026	56
MGYG000002027	8
MGYG000002028	81
MGYG000002029	458
MGYG000002030	17
MGYG000002031	75
MGYG000002032	95
MGYG000002033	69
MGYG000002034	136
MGYG000002035	333
MGYG000002036	420
MGYG000002037	103
MGYG000002038	242
MGYG000002039	274
MGYG000002040	32
MGYG000002041	126
MGYG000002042	145
MGYG000002043	286
MGYG000002044	103
MGYG000002045	328
MGYG000002046	374
MGYG000002047	132
MGYG000002048	276
MGYG000002049	180
MGYG000002050	57
MGYG000002051	64
MGYG000002052	294
MGYG000002053	473
MGYG000002054	73
MGYG000002055	153
MGYG000002056	66
MGYG000002057	124
MGYG000002058	176
MGYG000002059	260
MGYG000002060	77
MGYG000002061	130
MGYG000002062	58
MGYG000002063	190
MGYG000002064	225
MGYG000002065	271
MGYG000002067	267
MGYG000002068	276
MGYG000002069	202
MGYG000002071	504
MGYG000002072	40
MGYG000002073	256
MGYG000002074	31
MGYG000002075	379
MGYG000002076	128
MGYG000002077	34
MGYG000002078	271
MGYG000002079	50
MGYG000002080	100
MGYG000002082	26
MGYG000002083	41
MGYG000002084	252
MGYG000002085	490
MGYG000002086	274
MGYG000002087	8
MGYG000002089	450
MGYG000002090	141
MGYG000002091	124
MGYG000002092	268
MGYG000002093	334
MGYG000002094	210
MGYG000002095	109
MGYG000002096	285
MGYG000002097	257
MGYG000002098	84
MGYG000002099	146
MGYG000002100	112
MGYG000002101	159
MGYG000002102	84
MGYG000002103	298
MGYG000002104	38
MGYG000002105	89
MGYG000002106	161
MGYG000002107	309
MGYG000002108	146
MGYG000002109	80
MGYG000002110	136
MGYG000002111	55
MGYG000002112	362
MGYG000002113	192
MGYG000002114	101
MGYG000002115	149
MGYG000002116	221
MGYG000002117	100
MGYG000002119	408
MGYG000002120	413
MGYG000002121	74
MGYG000002122	360
MGYG000002123	300
MGYG000002124	325
MGYG000002125	88
MGYG000002126	77
MGYG000002127	373
MGYG000002128	369
MGYG000002129	262
MGYG000002130	283
MGYG000002131	311
MGYG000002132	148
MGYG000002133	158
MGYG000002134	85
MGYG000002135	60
MGYG000002136	48
MGYG000002137	383
MGYG000002138	525
MGYG000002139	26
MGYG000002140	43
MGYG000002141	275
MGYG000002142	95
MGYG000002143	70
MGYG000002144	54
MGYG000002145	52
MGYG000002146	20
MGYG000002147	368
MGYG000002148	78
MGYG000002149	81
MGYG000002150	611
MGYG000002151	581
MGYG000002152	96
MGYG000002153	40
MGYG000002154	60
MGYG000002155	59
MGYG000002156	97
MGYG000002157	76
MGYG000002158	84
MGYG000002159	91
MGYG000002160	1
MGYG000002161	26
MGYG000002162	60
MGYG000002163	10
MGYG000002164	1
MGYG000002165	81
MGYG000002166	23
MGYG000002167	125
MGYG000002168	170
MGYG000002169	52
MGYG000002170	307
MGYG000002171	157
MGYG000002172	31
MGYG000002173	30
MGYG000002174	60
MGYG000002175	24
MGYG000002176	190
MGYG000002177	48
MGYG000002178	288
MGYG000002179	85
MGYG000002180	19
MGYG000002181	36
MGYG000002182	55
MGYG000002183	334
MGYG000002184	285
MGYG000002185	243
MGYG000002186	85
MGYG000002187	84
MGYG000002188	163
MGYG000002189	400
MGYG000002190	48
MGYG000002191	86
MGYG000002192	61
MGYG000002193	258
MGYG000002194	53
MGYG000002195	312
MGYG000002196	252
MGYG000002197	99
MGYG000002198	181
MGYG000002199	63
MGYG000002200	105
MGYG000002201	48
MGYG000002202	80
MGYG000002203	44
MGYG000002204	424
MGYG000002205	79
MGYG000002206	181
MGYG000002207	158
MGYG000002208	23
MGYG000002209	156
MGYG000002210	507
MGYG000002212	259
MGYG000002213	318
MGYG000002215	286
MGYG000002216	149
MGYG000002218	53
MGYG000002219	776
MGYG000002220	96
MGYG000002221	526
MGYG000002222	222
MGYG000002223	387
MGYG000002224	39
MGYG000002225	387
MGYG000002226	434
MGYG000002227	51
MGYG000002228	28
MGYG000002229	194
MGYG000002230	300
MGYG000002231	107
MGYG000002232	31
MGYG000002233	66
MGYG000002234	144
MGYG000002235	32
MGYG000002236	55
MGYG000002237	35
MGYG000002238	81
MGYG000002239	17
MGYG000002240	22
MGYG000002241	30
MGYG000002242	75
MGYG000002243	442
MGYG000002244	6
MGYG000002245	387
MGYG000002246	365
MGYG000002247	98
MGYG000002248	41
MGYG000002249	220
MGYG000002250	164
MGYG000002251	480
MGYG000002252	323
MGYG000002253	43
MGYG000002254	228
MGYG000002255	164
MGYG000002256	114
MGYG000002257	139
MGYG000002258	74
MGYG000002259	43
MGYG000002260	66
MGYG000002261	313
MGYG000002262	201
MGYG000002263	41
MGYG000002264	113
MGYG000002265	38
MGYG000002266	55
MGYG000002267	108
MGYG000002268	160
MGYG000002269	16
MGYG000002270	126
MGYG000002271	47
MGYG000002272	31
MGYG000002273	154
MGYG000002274	63
MGYG000002275	120
MGYG000002276	110
MGYG000002277	96
MGYG000002278	59
MGYG000002279	56
MGYG000002280	48
MGYG000002281	123
MGYG000002282	38
MGYG000002283	19
MGYG000002284	57
MGYG000002285	55
MGYG000002286	36
MGYG000002287	79
MGYG000002288	169
MGYG000002289	11
MGYG000002290	67
MGYG000002291	64
MGYG000002292	57
MGYG000002293	116
MGYG000002294	37
MGYG000002295	85
MGYG000002296	8
MGYG000002297	102
MGYG000002298	95
MGYG000002299	20
MGYG000002300	22
MGYG000002301	28
MGYG000002302	52
MGYG000002303	21
MGYG000002304	59
MGYG000002305	39
MGYG000002306	592
MGYG000002307	1
MGYG000002308	1
MGYG000002309	73
MGYG000002310	50
MGYG000002311	2
MGYG000002312	526
MGYG000002313	69
MGYG000002314	132
MGYG000002315	93
MGYG000002316	32
MGYG000002317	77
MGYG000002318	22
MGYG000002319	12
MGYG000002320	28
MGYG000002321	2
MGYG000002322	47
MGYG000002323	29
MGYG000002324	3
MGYG000002325	1
MGYG000002326	427
MGYG000002327	286
MGYG000002328	337
MGYG000002329	37
MGYG000002330	245
MGYG000002331	4
MGYG000002332	217
MGYG000002333	282
MGYG000002334	1
MGYG000002335	1
MGYG000002336	175
MGYG000002337	2
MGYG000002338	180
MGYG000002339	77
MGYG000002340	1
MGYG000002341	81
MGYG000002342	423
MGYG000002343	38
MGYG000002344	5
MGYG000002345	66
MGYG000002346	225
MGYG000002347	8
MGYG000002348	63
MGYG000002349	76
MGYG000002350	178
MGYG000002351	4
MGYG000002352	1
MGYG000002353	9
MGYG000002354	108
MGYG000002355	11
MGYG000002356	47
MGYG000002357	1
MGYG000002358	147
MGYG000002359	17
MGYG000002360	47
MGYG000002361	9
MGYG000002362	34
MGYG000002363	47
MGYG000002364	62
MGYG000002365	2
MGYG000002366	2
MGYG000002367	8
MGYG000002368	84
MGYG000002369	1
MGYG000002370	67
MGYG000002371	66
MGYG000002372	1
MGYG000002373	79
MGYG000002374	53
MGYG000002375	40
MGYG000002376	75
MGYG000002377	46
MGYG000002378	51
MGYG000002379	25
MGYG000002380	138
MGYG000002381	63
MGYG000002382	158
MGYG000002383	26
MGYG000002384	1
MGYG000002385	1
MGYG000002386	4
MGYG000002387	1
MGYG000002388	1
MGYG000002389	4
MGYG000002390	16
MGYG000002391	80
MGYG000002392	14
MGYG000002393	64
MGYG000002394	85
MGYG000002395	1
MGYG000002396	1
MGYG000002397	15
MGYG000002398	1
MGYG000002399	72
MGYG000002400	36
MGYG000002401	1
MGYG000002402	9
MGYG000002403	160
MGYG000002404	13
MGYG000002405	1
MGYG000002406	13
MGYG000002407	19
MGYG000002408	16
MGYG000002409	1
MGYG000002410	12
MGYG000002411	29
MGYG000002412	17
MGYG000002413	1
MGYG000002414	1
MGYG000002415	117
MGYG000002416	64
MGYG000002417	6
MGYG000002418	27
MGYG000002419	1
MGYG000002420	4
MGYG000002421	5
MGYG000002422	12
MGYG000002423	6
MGYG000002424	1
MGYG000002425	23
MGYG000002426	18
MGYG000002427	20
MGYG000002428	30
MGYG000002429	15
MGYG000002430	39
MGYG000002431	66
MGYG000002432	85
MGYG000002433	39
MGYG000002434	235
MGYG000002435	66
MGYG000002436	57
MGYG000002437	47
MGYG000002438	3
MGYG000002439	61
MGYG000002440	43
MGYG000002441	201
MGYG000002442	32
MGYG000002443	87
MGYG000002444	57
MGYG000002445	33
MGYG000002446	16
MGYG000002447	2
MGYG000002448	67
MGYG000002449	144
MGYG000002450	6
MGYG000002451	53
MGYG000002452	7
MGYG000002453	15
MGYG000002454	1
MGYG000002455	122
MGYG000002456	1
MGYG000002457	259
MGYG000002458	53
MGYG000002459	1
MGYG000002460	2
MGYG000002461	56
MGYG000002462	27
MGYG000002463	80
MGYG000002464	229
MGYG000002465	84
MGYG000002466	42
MGYG000002467	21
MGYG000002468	57
MGYG000002469	1
MGYG000002470	11
MGYG000002471	43
MGYG000002472	10
MGYG000002473	324
MGYG000002474	55
MGYG000002475	758
MGYG000002476	3
MGYG000002477	2
MGYG000002478	1
MGYG000002479	2
MGYG000002480	82
MGYG000002481	176
MGYG000002482	74
MGYG000002483	53
MGYG000002484	309
MGYG000002485	28
MGYG000002486	2
MGYG000002487	34
MGYG000002488	11
MGYG000002489	57
MGYG000002490	47
MGYG000002491	100
MGYG000002492	1
MGYG000002493	51
MGYG000002494	52
MGYG000002495	1
MGYG000002496	84
MGYG000002497	2
MGYG000002498	39
MGYG000002499	48
MGYG000002500	2
MGYG000002501	145
MGYG000002502	155
MGYG000002503	26
MGYG000002504	3
MGYG000002505	19
MGYG000002506	2
MGYG000002507	164
MGYG000002508	1
MGYG000002509	58
MGYG000002510	33
MGYG000002511	43
MGYG000002512	1
MGYG000002513	313
MGYG000002514	2
MGYG000002515	2
MGYG000002516	6
MGYG000002517	1
MGYG000002518	26
MGYG000002519	134
MGYG000002520	1
MGYG000002521	5
MGYG000002522	1
MGYG000002523	41
MGYG000002524	55
MGYG000002525	48
MGYG000002526	2
MGYG000002527	34
MGYG000002528	1
MGYG000002529	124
MGYG000002530	1
MGYG000002531	1
MGYG000002532	4
MGYG000002533	49
MGYG000002534	4
MGYG000002535	1
MGYG000002536	38
MGYG000002537	34
MGYG000002538	4
MGYG000002539	1
MGYG000002540	112
MGYG000002541	198
MGYG000002542	212
MGYG000002543	25
MGYG000002544	63
MGYG000002545	1
MGYG000002546	217
MGYG000002547	26
MGYG000002548	89
MGYG000002549	27
MGYG000002551	182
MGYG000002552	29
MGYG000002553	264
MGYG000002554	335
MGYG000002555	311
MGYG000002556	29
MGYG000002557	134
MGYG000002558	195
MGYG000002559	238
MGYG000002560	68
MGYG000002561	70
MGYG000002562	11
MGYG000002563	182
MGYG000002564	33
MGYG000002565	202
MGYG000002566	226
MGYG000002567	74
MGYG000002568	73
MGYG000002570	116
MGYG000002571	15
MGYG000002572	110
MGYG000002573	102
MGYG000002574	594
MGYG000002575	330
MGYG000002576	280
MGYG000002578	48
MGYG000002579	50
MGYG000002580	35
MGYG000002581	59
MGYG000002582	79
MGYG000002583	6
MGYG000002584	45
MGYG000002585	93
MGYG000002586	175
MGYG000002587	166
MGYG000002588	179
MGYG000002589	62
MGYG000002590	79
MGYG000002591	28
MGYG000002592	128
MGYG000002593	35
MGYG000002594	93
MGYG000002595	70
MGYG000002596	146
MGYG000002597	307
MGYG000002599	119
MGYG000002600	58
MGYG000002601	226
MGYG000002602	23
MGYG000002603	37
MGYG000002604	577
MGYG000002605	26
MGYG000002606	85
MGYG000002607	27
MGYG000002608	17
MGYG000002609	56
MGYG000002610	49
MGYG000002612	26
MGYG000002613	227
MGYG000002614	291
MGYG000002616	46
MGYG000002617	57
MGYG000002619	20
MGYG000002620	26
MGYG000002621	65
MGYG000002622	58
MGYG000002623	28
MGYG000002624	20
MGYG000002625	192
MGYG000002626	94
MGYG000002627	202
MGYG000002628	85
MGYG000002629	312
MGYG000002630	103
MGYG000002631	32
MGYG000002633	112
MGYG000002634	16
MGYG000002635	367
MGYG000002636	98
MGYG000002637	54
MGYG000002638	198
MGYG000002639	97
MGYG000002640	61
MGYG000002641	48
MGYG000002642	112
MGYG000002643	74
MGYG000002645	23
MGYG000002646	81
MGYG000002648	121
MGYG000002649	116
MGYG000002650	440
MGYG000002651	128
MGYG000002652	145
MGYG000002653	94
MGYG000002654	264
MGYG000002655	258
MGYG000002656	230
MGYG000002657	186
MGYG000002658	315
MGYG000002659	323
MGYG000002660	223
MGYG000002661	357
MGYG000002662	63
MGYG000002663	103
MGYG000002664	102
MGYG000002665	215
MGYG000002666	224
MGYG000002667	91
MGYG000002668	436
MGYG000002669	371
MGYG000002670	27
MGYG000002671	37
MGYG000002672	46
MGYG000002673	75
MGYG000002674	243
MGYG000002675	24
MGYG000002676	22
MGYG000002677	322
MGYG000002678	16
MGYG000002680	186
MGYG000002681	184
MGYG000002682	82
MGYG000002683	356
MGYG000002684	152
MGYG000002685	595
MGYG000002686	157
MGYG000002687	194
MGYG000002688	306
MGYG000002689	56
MGYG000002690	100
MGYG000002691	72
MGYG000002692	20
MGYG000002693	255
MGYG000002694	498
MGYG000002695	22
MGYG000002696	70
MGYG000002697	75
MGYG000002698	205
MGYG000002699	129
MGYG000002701	409
MGYG000002702	304
MGYG000002703	41
MGYG000002704	76
MGYG000002705	127
MGYG000002706	540
MGYG000002707	60
MGYG000002708	581
MGYG000002709	94
MGYG000002710	31
MGYG000002711	62
MGYG000002712	135
MGYG000002713	400
MGYG000002714	368
MGYG000002715	47
MGYG000002716	45
MGYG000002717	856
MGYG000002718	193
MGYG000002719	479
MGYG000002720	86
MGYG000002721	47
MGYG000002722	55
MGYG000002723	54
MGYG000002724	43
MGYG000002725	171
MGYG000002726	335
MGYG000002727	54
MGYG000002728	289
MGYG000002729	25
MGYG000002730	396
MGYG000002731	371
MGYG000002732	360
MGYG000002733	41
MGYG000002734	149
MGYG000002735	183
MGYG000002736	61
MGYG000002737	102
MGYG000002738	222
MGYG000002739	447
MGYG000002740	212
MGYG000002741	115
MGYG000002742	137
MGYG000002743	286
MGYG000002744	110
MGYG000002745	173
MGYG000002746	119
MGYG000002747	45
MGYG000002748	143
MGYG000002749	413
MGYG000002750	300
MGYG000002751	87
MGYG000002752	74
MGYG000002753	455
MGYG000002754	65
MGYG000002755	110
MGYG000002756	119
MGYG000002757	51
MGYG000002758	736
MGYG000002759	299
MGYG000002760	78
MGYG000002761	339
MGYG000002762	305
MGYG000002763	98
MGYG000002764	204
MGYG000002765	39
MGYG000002766	408
MGYG000002767	31
MGYG000002768	339
MGYG000002769	401
MGYG000002770	326
MGYG000002771	214
MGYG000002772	674
MGYG000002773	31
MGYG000002774	31
MGYG000002775	59
MGYG000002776	335
MGYG000002777	165
MGYG000002778	28
MGYG000002779	50
MGYG000002780	71
MGYG000002781	186
MGYG000002782	45
MGYG000002783	95
MGYG000002784	60
MGYG000002785	469
MGYG000002786	35
MGYG000002787	114
MGYG000002788	289
MGYG000002789	19
MGYG000002790	299
MGYG000002791	392
MGYG000002792	34
MGYG000002793	361
MGYG000002794	176
MGYG000002795	138
MGYG000002797	361
MGYG000002798	75
MGYG000002799	55
MGYG000002800	74
MGYG000002801	166
MGYG000002802	53
MGYG000002803	92
MGYG000002804	32
MGYG000002805	24
MGYG000002807	34
MGYG000002808	343
MGYG000002809	443
MGYG000002810	68
MGYG000002811	94
MGYG000002812	36
MGYG000002813	58
MGYG000002814	45
MGYG000002815	18
MGYG000002816	26
MGYG000002817	71
MGYG000002818	86
MGYG000002819	15
MGYG000002820	80
MGYG000002821	34
MGYG000002822	25
MGYG000002823	178
MGYG000002824	218
MGYG000002825	36
MGYG000002826	163
MGYG000002827	94
MGYG000002828	503
MGYG000002829	593
MGYG000002830	151
MGYG000002831	52
MGYG000002832	183
MGYG000002834	394
MGYG000002835	93
MGYG000002836	64
MGYG000002837	101
MGYG000002838	78
MGYG000002839	37
MGYG000002840	55
MGYG000002841	22
MGYG000002842	47
MGYG000002843	163
MGYG000002844	76
MGYG000002845	58
MGYG000002846	68
MGYG000002847	118
MGYG000002848	29
MGYG000002849	196
MGYG000002850	220
MGYG000002851	199
MGYG000002852	89
MGYG000002853	159
MGYG000002854	249
MGYG000002855	311
MGYG000002857	476
MGYG000002858	44
MGYG000002859	53
MGYG000002860	126
MGYG000002861	48
MGYG000002863	282
MGYG000002864	239
MGYG000002865	92
MGYG000002866	247
MGYG000002867	200
MGYG000002868	322
MGYG000002869	187
MGYG000002870	25
MGYG000002871	310
MGYG000002872	175
MGYG000002873	51
MGYG000002874	51
MGYG000002875	72
MGYG000002876	16
MGYG000002877	51
MGYG000002878	130
MGYG000002879	176
MGYG000002880	45
MGYG000002881	292
MGYG000002882	38
MGYG000002883	206
MGYG000002884	52
MGYG000002885	613
MGYG000002886	402
MGYG000002887	195
MGYG000002888	107
MGYG000002889	68
MGYG000002890	265
MGYG000002891	135
MGYG000002892	227
MGYG000002893	97
MGYG000002894	71
MGYG000002895	291
MGYG000002896	219
MGYG000002897	26
MGYG000002898	17
MGYG000002899	106
MGYG000002900	123
MGYG000002901	274
MGYG000002902	245
MGYG000002903	90
MGYG000002904	89
MGYG000002905	105
MGYG000002907	103
MGYG000002908	13
MGYG000002909	50
MGYG000002910	33
MGYG000002911	44
MGYG000002912	76
MGYG000002913	88
MGYG000002914	82
MGYG000002915	222
MGYG000002916	123
MGYG000002917	94
MGYG000002918	80
MGYG000002919	36
MGYG000002920	308
MGYG000002921	327
MGYG000002922	29
MGYG000002923	208
MGYG000002924	110
MGYG000002925	14
MGYG000002926	45
MGYG000002927	296
MGYG000002928	28
MGYG000002929	299
MGYG000002930	129
MGYG000002931	238
MGYG000002932	47
MGYG000002933	74
MGYG000002934	366
MGYG000002935	91
MGYG000002936	264
MGYG000002937	409
MGYG000002938	604
MGYG000002939	735
MGYG000002940	164
MGYG000002941	86
MGYG000002942	73
MGYG000002943	327
MGYG000002944	73
MGYG000002945	36
MGYG000002946	746
MGYG000002947	51
MGYG000002948	43
MGYG000002949	154
MGYG000002950.1	368
MGYG000002951	30
MGYG000002952	224
MGYG000002953	164
MGYG000002954	63
MGYG000002955	118
MGYG000002956	284
MGYG000002957	346
MGYG000002958	40
MGYG000002959	12
MGYG000002960	155
MGYG000002961	73
MGYG000002962	138
MGYG000002963	74
MGYG000002964	318
MGYG000002965	114
MGYG000002966	100
MGYG000002967	28
MGYG000002968	132
MGYG000002969	17
MGYG000002970	204
MGYG000002971	67
MGYG000002972	40
MGYG000002974	52
MGYG000002975	181
MGYG000002976	60
MGYG000002977	97
MGYG000002978	164
MGYG000002980	86
MGYG000002981	26
MGYG000002982	197
MGYG000002983	49
MGYG000002984	286
MGYG000002985	129
MGYG000002986	59
MGYG000002987	5
MGYG000002988	284
MGYG000002989	55
MGYG000002990	19
MGYG000002991	66
MGYG000002992	48
MGYG000002993	58
MGYG000002994	54
MGYG000002995	197
MGYG000002996	72
MGYG000002997	34
MGYG000002998	48
MGYG000002999	63
MGYG000003000	161
MGYG000003001	24
MGYG000003002	150
MGYG000003003	80
MGYG000003004	69
MGYG000003005	361
MGYG000003006	227
MGYG000003007	62
MGYG000003008	40
MGYG000003009	317
MGYG000003010	189
MGYG000003011	62
MGYG000003012	48
MGYG000003013	121
MGYG000003014	66
MGYG000003015	257
MGYG000003016	259
MGYG000003017	81
MGYG000003018	265
MGYG000003019	49
MGYG000003020	280
MGYG000003021	171
MGYG000003022	66
MGYG000003023	381
MGYG000003024	177
MGYG000003025	220
MGYG000003026	266
MGYG000003027	273
MGYG000003028	357
MGYG000003029	167
MGYG000003030	185
MGYG000003031	202
MGYG000003032	95
MGYG000003033	192
MGYG000003034	259
MGYG000003035	92
MGYG000003036	93
MGYG000003037	44
MGYG000003038	263
MGYG000003039	23
MGYG000003040	249
MGYG000003041	86
MGYG000003042	34
MGYG000003043	200
MGYG000003044	61
MGYG000003045	263
MGYG000003046	71
MGYG000003047	259
MGYG000003048	334
MGYG000003050	389
MGYG000003051	109
MGYG000003052	39
MGYG000003053	58
MGYG000003054	337
MGYG000003055	249
MGYG000003056	226
MGYG000003057	366
MGYG000003058	44
MGYG000003059	95
MGYG000003060	348
MGYG000003061	309
MGYG000003062	248
MGYG000003063	162
MGYG000003064	20
MGYG000003065	71
MGYG000003066	56
MGYG000003067	314
MGYG000003068	262
MGYG000003069	24
MGYG000003070	48
MGYG000003071	314
MGYG000003072	56
MGYG000003073	156
MGYG000003074	173
MGYG000003075	39
MGYG000003076	710
MGYG000003077	24
MGYG000003078	267
MGYG000003079	60
MGYG000003081	160
MGYG000003083	39
MGYG000003084	129
MGYG000003086	30
MGYG000003087	72
MGYG000003090	38
MGYG000003091	239
MGYG000003093	124
MGYG000003094	105
MGYG000003095	75
MGYG000003096	185
MGYG000003097	85
MGYG000003099	25
MGYG000003100	168
MGYG000003104	33
MGYG000003107	67
MGYG000003108	279
MGYG000003109	310
MGYG000003110	56
MGYG000003111	8
MGYG000003112	325
MGYG000003113	36
MGYG000003114	73
MGYG000003115	534
MGYG000003116	14
MGYG000003117	10
MGYG000003118	24
MGYG000003119	112
MGYG000003120	65
MGYG000003121	59
MGYG000003122	34
MGYG000003123	246
MGYG000003124	7
MGYG000003125	56
MGYG000003126	29
MGYG000003127	591
MGYG000003128	258
MGYG000003129	39
MGYG000003130	6
MGYG000003131	225
MGYG000003132	40
MGYG000003133	105
MGYG000003134	40
MGYG000003135	16
MGYG000003136	230
MGYG000003137	94
MGYG000003138	32
MGYG000003139	58
MGYG000003140	126
MGYG000003142	46
MGYG000003143	63
MGYG000003144	27
MGYG000003145	28
MGYG000003146	29
MGYG000003147	59
MGYG000003148	25
MGYG000003149	13
MGYG000003150	42
MGYG000003152	27
MGYG000003153	51
MGYG000003154	79
MGYG000003155	275
MGYG000003156	235
MGYG000003157	319
MGYG000003158	85
MGYG000003159	371
MGYG000003160	334
MGYG000003161	111
MGYG000003162	373
MGYG000003163	131
MGYG000003164	95
MGYG000003165	282
MGYG000003166	40
MGYG000003167	303
MGYG000003168	318
MGYG000003169	29
MGYG000003170	319
MGYG000003171	126
MGYG000003172	386
MGYG000003173	109
MGYG000003174	101
MGYG000003175	300
MGYG000003176	210
MGYG000003177	70
MGYG000003178	729
MGYG000003179	98
MGYG000003180	128
MGYG000003181	342
MGYG000003182	115
MGYG000003183	85
MGYG000003184	41
MGYG000003185	22
MGYG000003186	6
MGYG000003187	26
MGYG000003188	12
MGYG000003189	58
MGYG000003190	19
MGYG000003191	195
MGYG000003192	182
MGYG000003193	53
MGYG000003194	23
MGYG000003195	44
MGYG000003196	132
MGYG000003197	52
MGYG000003198	192
MGYG000003199	193
MGYG000003200	558
MGYG000003201	434
MGYG000003202	234
MGYG000003203	553
MGYG000003204	369
MGYG000003205	77
MGYG000003206	703
MGYG000003207	666
MGYG000003208	96
MGYG000003209	77
MGYG000003210	687
MGYG000003211	692
MGYG000003212	551
MGYG000003213	200
MGYG000003214	511
MGYG000003215	283
MGYG000003216	32
MGYG000003217	35
MGYG000003218	403
MGYG000003219	432
MGYG000003220	110
MGYG000003221	58
MGYG000003222	138
MGYG000003223	285
MGYG000003224	63
MGYG000003225	116
MGYG000003226	181
MGYG000003228	186
MGYG000003229	255
MGYG000003230	65
MGYG000003231	127
MGYG000003233	269
MGYG000003234	161
MGYG000003235	589
MGYG000003236	107
MGYG000003237	103
MGYG000003238	239
MGYG000003239	300
MGYG000003240	251
MGYG000003241	350
MGYG000003242	164
MGYG000003243	209
MGYG000003244	179
MGYG000003245	293
MGYG000003246	59
MGYG000003247	57
MGYG000003248	87
MGYG000003249	450
MGYG000003250	158
MGYG000003251	449
MGYG000003252	633
MGYG000003253	207
MGYG000003254	825
MGYG000003255	315
MGYG000003256	626
MGYG000003257	29
MGYG000003258	195
MGYG000003259	147
MGYG000003260	248
MGYG000003261	194
MGYG000003262	582
MGYG000003263	347
MGYG000003264	740
MGYG000003266	50
MGYG000003267	392
MGYG000003268	274
MGYG000003269	204
MGYG000003270	1041
MGYG000003271	712
MGYG000003273	693
MGYG000003274	54
MGYG000003275	54
MGYG000003276	45
MGYG000003277	153
MGYG000003278	147
MGYG000003279	21
MGYG000003280	40
MGYG000003282	43
MGYG000003283	46
MGYG000003284	75
MGYG000003285	151
MGYG000003287	145
MGYG000003288	114
MGYG000003289	513
MGYG000003290	78
MGYG000003291	309
MGYG000003292	185
MGYG000003293	107
MGYG000003294	683
MGYG000003295	303
MGYG000003296	571
MGYG000003297	503
MGYG000003298	25
MGYG000003299	435
MGYG000003300	420
MGYG000003301	701
MGYG000003302	23
MGYG000003303	293
MGYG000003304	422
MGYG000003305	574
MGYG000003306	77
MGYG000003307	30
MGYG000003308	749
MGYG000003309	202
MGYG000003310	28
MGYG000003311	80
MGYG000003312	101
MGYG000003313	82
MGYG000003314	15
MGYG000003315	780
MGYG000003317	173
MGYG000003318	96
MGYG000003319	801
MGYG000003320	313
MGYG000003321	260
MGYG000003322	931
MGYG000003323	857
MGYG000003324	752
MGYG000003326	56
MGYG000003327	137
MGYG000003328	646
MGYG000003329	53
MGYG000003330	17
MGYG000003332	175
MGYG000003334	47
MGYG000003335	311
MGYG000003337	410
MGYG000003338	852
MGYG000003339	113
MGYG000003341	297
MGYG000003343	213
MGYG000003344	255
MGYG000003345	307
MGYG000003346	94
MGYG000003347	369
MGYG000003348	288
MGYG000003351	690
MGYG000003352	188
MGYG000003353	461
MGYG000003355	199
MGYG000003356	431
MGYG000003357	55
MGYG000003358	196
MGYG000003359	58
MGYG000003360	79
MGYG000003361	16
MGYG000003362	24
MGYG000003363	177
MGYG000003364	121
MGYG000003365.1	33
MGYG000003366	128
MGYG000003367	85
MGYG000003368	108
MGYG000003369	59
MGYG000003370	16
MGYG000003371.1	1809
MGYG000003372	94
MGYG000003373	13
MGYG000003374	73
MGYG000003375	57
MGYG000003376	19
MGYG000003377	109
MGYG000003378	128
MGYG000003379	27
MGYG000003380	45
MGYG000003381	266
MGYG000003382	42
MGYG000003383	39
MGYG000003385.1	12
MGYG000003386	62
MGYG000003387	18
MGYG000003388	16
MGYG000003389	1608
MGYG000003390	118
MGYG000003391	101
MGYG000003392	184
MGYG000003393	40
MGYG000003394	39
MGYG000003395	100
MGYG000003396	190
MGYG000003397.1	34
MGYG000003398.1	40
MGYG000003399	26
MGYG000003400	70
MGYG000003401	29
MGYG000003402	1955
MGYG000003403	35
MGYG000003404	558
MGYG000003405	16
MGYG000003406	270
MGYG000003407	176
MGYG000003408	14
MGYG000003409	262
MGYG000003410	65
MGYG000003411	15
MGYG000003412	53
MGYG000003413	579
MGYG000003414	328
MGYG000003415	352
MGYG000003416	1100
MGYG000003417	267
MGYG000003418	24
MGYG000003419	271
MGYG000003420	228
MGYG000003421	390
MGYG000003422	99
MGYG000003423	97
MGYG000003424	191
MGYG000003425	636
MGYG000003426	573
MGYG000003427	413
MGYG000003428	323
MGYG000003429	519
MGYG000003430	149
MGYG000003431	892
MGYG000003432	341
MGYG000003433	69
MGYG000003434	843
MGYG000003435	695
MGYG000003436	452
MGYG000003437	105
MGYG000003438	704
MGYG000003440	129
MGYG000003441	636
MGYG000003442	218
MGYG000003443	90
MGYG000003444	325
MGYG000003445	155
MGYG000003446	115
MGYG000003447	924
MGYG000003448	73
MGYG000003449	28
MGYG000003450	56
MGYG000003451	460
MGYG000003452	19
MGYG000003453	257
MGYG000003454	166
MGYG000003455	169
MGYG000003456	138
MGYG000003457	31
MGYG000003458	151
MGYG000003459	53
MGYG000003460	262
MGYG000003461	568
MGYG000003462	50
MGYG000003463	132
MGYG000003464	9
MGYG000003465	34
MGYG000003466	66
MGYG000003467	542
MGYG000003468	109
MGYG000003469	83
MGYG000003470	580
MGYG000003471	182
MGYG000003472	105
MGYG000003473	81
MGYG000003474	525
MGYG000003475	32
MGYG000003476	34
MGYG000003477	200
MGYG000003479	70
MGYG000003480	171
MGYG000003481	54
MGYG000003482	35
MGYG000003483	149
MGYG000003484	118
MGYG000003485	127
MGYG000003486	73
MGYG000003488	36
MGYG000003489	338
MGYG000003490	1192
MGYG000003491	232
MGYG000003492	676
MGYG000003493	316
MGYG000003494	497
MGYG000003496	196
MGYG000003497	211
MGYG000003498	37
MGYG000003499	754
MGYG000003500	38
MGYG000003501	288
MGYG000003503	9
MGYG000003504	66
MGYG000003505	73
MGYG000003506	700
MGYG000003507	34
MGYG000003508	43
MGYG000003509	489
MGYG000003510	647
MGYG000003511	302
MGYG000003512	125
MGYG000003513	283
MGYG000003514	116
MGYG000003515	161
MGYG000003516	293
MGYG000003517	262
MGYG000003518	86
MGYG000003519	332
MGYG000003520	229
MGYG000003521	774
MGYG000003522	403
MGYG000003523	181
MGYG000003524	764
MGYG000003525	46
MGYG000003526	706
MGYG000003528	346
MGYG000003529	66
MGYG000003530	102
MGYG000003531	503
MGYG000003532	33
MGYG000003533	181
MGYG000003534	150
MGYG000003535	78
MGYG000003536	529
MGYG000003538	278
MGYG000003539	34
MGYG000003540	500
MGYG000003541	621
MGYG000003542	132
MGYG000003543.1	334
MGYG000003544	180
MGYG000003545	412
MGYG000003546	191
MGYG000003547	114
MGYG000003548	153
MGYG000003549	101
MGYG000003550	106
MGYG000003551	96
MGYG000003552	50
MGYG000003553	266
MGYG000003554	215
MGYG000003555	188
MGYG000003556	261
MGYG000003557	576
MGYG000003558	45
MGYG000003559	124
MGYG000003560	100
MGYG000003561	173
MGYG000003562	428
MGYG000003563	87
MGYG000003564	316
MGYG000003565	62
MGYG000003566	38
MGYG000003567	265
MGYG000003568	239
MGYG000003569	290
MGYG000003570	248
MGYG000003571	189
MGYG000003572	86
MGYG000003573	241
MGYG000003574	514
MGYG000003575	258
MGYG000003576	637
MGYG000003577	246
MGYG000003578	926
MGYG000003580	22
MGYG000003581	201
MGYG000003582	381
MGYG000003583	98
MGYG000003584	43
MGYG000003585	272
MGYG000003586	695
MGYG000003587	33
MGYG000003589	167
MGYG000003590	111
MGYG000003591	79
MGYG000003592	29
MGYG000003593	404
MGYG000003594	269
MGYG000003595	402
MGYG000003596	10
MGYG000003597	97
MGYG000003599	680
MGYG000003600	343
MGYG000003601	141
MGYG000003602	376
MGYG000003603	207
MGYG000003604	402
MGYG000003605.1	163
MGYG000003606	258
MGYG000003607	62
MGYG000003608	224
MGYG000003609	122
MGYG000003610	105
MGYG000003611	111
MGYG000003612	103
MGYG000003613	199
MGYG000003614	729
MGYG000003615	155
MGYG000003616	721
MGYG000003617	138
MGYG000003618	618
MGYG000003619	248
MGYG000003620	221
MGYG000003621	179
MGYG000003622	263
MGYG000003623	559
MGYG000003624	463
MGYG000003625	311
MGYG000003626	407
MGYG000003627	529
MGYG000003628	65
MGYG000003629	509
MGYG000003630	479
MGYG000003631	476
MGYG000003632	314
MGYG000003633	500
MGYG000003634	205
MGYG000003635	472
MGYG000003636	571
MGYG000003637	532
MGYG000003638	451
MGYG000003639	983
MGYG000003640	36
MGYG000003641	322
MGYG000003642	542
MGYG000003643	191
MGYG000003644	648
MGYG000003645	47
MGYG000003646	63
MGYG000003647	705
MGYG000003648	548
MGYG000003649	375
MGYG000003650	102
MGYG000003651	135
MGYG000003652	7
MGYG000003653	79
MGYG000003654	38
MGYG000003655	94
MGYG000003656	21
MGYG000003657	511
MGYG000003658	57
MGYG000003659	91
MGYG000003660	8
MGYG000003661	197
MGYG000003662	97
MGYG000003663	68
MGYG000003664	389
MGYG000003665	61
MGYG000003666	473
MGYG000003667	14
MGYG000003668	186
MGYG000003669	184
MGYG000003670	829
MGYG000003671	106
MGYG000003672	66
MGYG000003674	263
MGYG000003675	243
MGYG000003676	324
MGYG000003677	209
MGYG000003678	312
MGYG000003679	190
MGYG000003680	194
MGYG000003681	75
MGYG000003682	94
MGYG000003683	6
MGYG000003684	58
MGYG000003685	75
MGYG000003686	147
MGYG000003687	99
MGYG000003688	35
MGYG000003689	66
MGYG000003690	28
MGYG000003691	313
MGYG000003692	37
MGYG000003693	71
MGYG000003694	50
MGYG000003695	39
MGYG000003696	31
MGYG000003697	138
MGYG000003698	18
MGYG000003699	172
MGYG000003700	52
MGYG000003701	34
MGYG000003702	64
MGYG000003703	23
MGYG000003704	391
MGYG000003705	299
MGYG000003706	363
MGYG000003707	44
MGYG000003708	509
MGYG000003709	561
MGYG000003710	372
MGYG000003711	238
MGYG000003712	334
MGYG000003713	47
MGYG000003714	344
MGYG000003715	87
MGYG000003716	307
MGYG000003717	84
MGYG000003718	86
MGYG000003719	85
MGYG000003720	27
MGYG000003721	205
MGYG000003722	87
MGYG000003723	48
MGYG000003724	245
MGYG000003725	20
MGYG000003726	107
MGYG000003727	78
MGYG000003728	200
MGYG000003729	128
MGYG000003730	169
MGYG000003731	107
MGYG000003732	100
MGYG000003733	452
MGYG000003734	233
MGYG000003735	359
MGYG000003736	113
MGYG000003737	65
MGYG000003738	84
MGYG000003739	98
MGYG000003740	76
MGYG000003741	36
MGYG000003742	108
MGYG000003743	270
MGYG000003744	395
MGYG000003745	334
MGYG000003746	152
MGYG000003747	220
MGYG000003748	105
MGYG000003749	138
MGYG000003750	79
MGYG000003751	92
MGYG000003752	57
MGYG000003753	98
MGYG000003754	69
MGYG000003755	279
MGYG000003756	323
MGYG000003757	146
MGYG000003758	82
MGYG000003759	78
MGYG000003760	64
MGYG000003761	359
MGYG000003762	474
MGYG000003763	257
MGYG000003764	364
MGYG000003765	468
MGYG000003766	391
MGYG000003767	19
MGYG000003768	75
MGYG000003769	117
MGYG000003770	115
MGYG000003771	276
MGYG000003772	112
MGYG000003773	341
MGYG000003774	368
MGYG000003775	150
MGYG000003776	329
MGYG000003777	62
MGYG000003778	308
MGYG000003779	21
MGYG000003780	150
MGYG000003781	96
MGYG000003782.1	442
MGYG000003783	410
MGYG000003784	163
MGYG000003785	231
MGYG000003786	45
MGYG000003787	272
MGYG000003788	119
MGYG000003789	85
MGYG000003790	153
MGYG000003791	261
MGYG000003792	340
MGYG000003793	98
MGYG000003794	177
MGYG000003795	269
MGYG000003796	163
MGYG000003797	322
MGYG000003798	263
MGYG000003799	48
MGYG000003800	35
MGYG000003801	63
MGYG000003802	61
MGYG000003803	691
MGYG000003804	609
MGYG000003805	394
MGYG000003806	172
MGYG000003807	137
MGYG000003808	197
MGYG000003809	96
MGYG000003810	66
MGYG000003811	220
MGYG000003812	126
MGYG000003813	59
MGYG000003814	78
MGYG000003815	102
MGYG000003816	335
MGYG000003817	319
MGYG000003818	9
MGYG000003819	62
MGYG000003820	134
MGYG000003821	60
MGYG000003822	500
MGYG000003823	334
MGYG000003824	172
MGYG000003825	96
MGYG000003826	107
MGYG000003827	31
MGYG000003828	121
MGYG000003829	160
MGYG000003830	392
MGYG000003831	168
MGYG000003832	48
MGYG000003833	342
MGYG000003834	46
MGYG000003835	47
MGYG000003836	76
MGYG000003837	66
MGYG000003838	45
MGYG000003839	273
MGYG000003840	262
MGYG000003841	329
MGYG000003842	120
MGYG000003843	27
MGYG000003844	20
MGYG000003845	267
MGYG000003846	49
MGYG000003847	74
MGYG000003849	9
MGYG000003850	360
MGYG000003851	107
MGYG000003852	49
MGYG000003853	411
MGYG000003854	33
MGYG000003855	569
MGYG000003856	141
MGYG000003857	250
MGYG000003858	182
MGYG000003859	62
MGYG000003860	362
MGYG000003861	471
MGYG000003862	273
MGYG000003863	570
MGYG000003864	227
MGYG000003865	124
MGYG000003867	227
MGYG000003868	34
MGYG000003869	133
MGYG000003870	136
MGYG000003871	511
MGYG000003872	87
MGYG000003873	75
MGYG000003874	51
MGYG000003875	56
MGYG000003876	215
MGYG000003877	424
MGYG000003878	214
MGYG000003879	249
MGYG000003880	18
MGYG000003881	26
MGYG000003882	759
MGYG000003883	379
MGYG000003884	347
MGYG000003885	204
MGYG000003886	103
MGYG000003887	171
MGYG000003888	24
MGYG000003889	129
MGYG000003890	21
MGYG000003891	300
MGYG000003892	80
MGYG000003893	133
MGYG000003894	123
MGYG000003895	14
MGYG000003896	47
MGYG000003897	83
MGYG000003898	226
MGYG000003899	50
MGYG000003900	363
MGYG000003901	136
MGYG000003902	28
MGYG000003904	774
MGYG000003905	25
MGYG000003906	88
MGYG000003907	285
MGYG000003908	64
MGYG000003909	184
MGYG000003910	223
MGYG000003911	392
MGYG000003912	33
MGYG000003913	69
MGYG000003914	196
MGYG000003915	337
MGYG000003916	47
MGYG000003917	375
MGYG000003918	457
MGYG000003919	226
MGYG000003920	144
MGYG000003921	55
MGYG000003922	204
MGYG000003923	108
MGYG000003924	368
MGYG000003925	83
MGYG000003926	380
MGYG000003927	92
MGYG000003928	41
MGYG000003929	18
MGYG000003930	43
MGYG000003931	27
MGYG000003932	18
MGYG000003933	21
MGYG000003934	61
MGYG000003935	60
MGYG000003936	381
MGYG000003937	230
MGYG000003938	160
MGYG000003939	44
MGYG000003940	8
MGYG000003941	127
MGYG000003942	54
MGYG000003943	22
MGYG000003944	32
MGYG000003945	17
MGYG000003946	18
MGYG000003947	10
MGYG000003948	100
MGYG000003949	62
MGYG000003950	472
MGYG000003951	179
MGYG000003952	25
MGYG000003953	431
MGYG000003954	20
MGYG000003955	9
MGYG000003956	8
MGYG000003957	174
MGYG000003958	14
MGYG000003959	131
MGYG000003960	22
MGYG000003961	80
MGYG000003962	7
MGYG000003963	58
MGYG000003964	13
MGYG000003965	225
MGYG000003966	63
MGYG000003967	38
MGYG000003968	406
MGYG000003969	71
MGYG000003970	785
MGYG000003971	51
MGYG000003972	120
MGYG000003973	53
MGYG000003974	7
MGYG000003975	243
MGYG000003976	371
MGYG000003977	55
MGYG000003978	55
MGYG000003979	61
MGYG000003980	414
MGYG000003981	21
MGYG000003982	381
MGYG000003983	153
MGYG000003984	46
MGYG000003985	524
MGYG000003986	85
MGYG000003987	228
MGYG000003989	284
MGYG000003990	39
MGYG000003991	24
MGYG000003992	70
MGYG000003993	9
MGYG000003994	166
MGYG000003995	103
MGYG000003996	355
MGYG000003997	25
MGYG000003998	22
MGYG000003999	39
MGYG000004000	10
MGYG000004001	72
MGYG000004002	886
MGYG000004003	182
MGYG000004004	36
MGYG000004005	36
MGYG000004006	13
MGYG000004007	5
MGYG000004008	22
MGYG000004009	55
MGYG000004010	116
MGYG000004011	55
MGYG000004012	23
MGYG000004013	299
MGYG000004014	26
MGYG000004015	69
MGYG000004016	31
MGYG000004017	181
MGYG000004018	36
MGYG000004019	49
MGYG000004020	49
MGYG000004021	37
MGYG000004022	49
MGYG000004023	263
MGYG000004024	413
MGYG000004025	21
MGYG000004026	46
MGYG000004027	33
MGYG000004028	129
MGYG000004029	53
MGYG000004030	72
MGYG000004031	33
MGYG000004032	292
MGYG000004033	113
MGYG000004034	271
MGYG000004035	96
MGYG000004036	141
MGYG000004037	54
MGYG000004038	22
MGYG000004039	51
MGYG000004040	499
MGYG000004041	109
MGYG000004042	52
MGYG000004043	48
MGYG000004044	251
MGYG000004045	113
MGYG000004046	74
MGYG000004047	50
MGYG000004048	41
MGYG000004049	36
MGYG000004050	101
MGYG000004051	24
MGYG000004052	59
MGYG000004053	163
MGYG000004054	97
MGYG000004055	56
MGYG000004056	197
MGYG000004057	388
MGYG000004058	201
MGYG000004059	63
MGYG000004061	405
MGYG000004062	51
MGYG000004063	317
MGYG000004064	98
MGYG000004066	110
MGYG000004067	170
MGYG000004068	64
MGYG000004069	10
MGYG000004070	77
MGYG000004071	69
MGYG000004072	46
MGYG000004073	37
MGYG000004074	183
MGYG000004075	96
MGYG000004076	26
MGYG000004077	335
MGYG000004078	67
MGYG000004079	206
MGYG000004080	17
MGYG000004081	72
MGYG000004082	186
MGYG000004083	9
MGYG000004084	9
MGYG000004085	18
MGYG000004086	11
MGYG000004087	61
MGYG000004088	128
MGYG000004089	51
MGYG000004090	33
MGYG000004091	204
MGYG000004092	37
MGYG000004093	236
MGYG000004094	51
MGYG000004095	33
MGYG000004096	74
MGYG000004097	57
MGYG000004098	333
MGYG000004099	13
MGYG000004100	301
MGYG000004101	25
MGYG000004102	6
MGYG000004103	109
MGYG000004104	37
MGYG000004105	15
MGYG000004106	53
MGYG000004107	397
MGYG000004108	65
MGYG000004109	117
MGYG000004110	17
MGYG000004111	37
MGYG000004112	391
MGYG000004113	46
MGYG000004114	62
MGYG000004115	51
MGYG000004116	45
MGYG000004117	17
MGYG000004118	281
MGYG000004119	43
MGYG000004120	51
MGYG000004121	197
MGYG000004122	318
MGYG000004123	47
MGYG000004124	78
MGYG000004125	82
MGYG000004126	116
MGYG000004127	680
MGYG000004128	188
MGYG000004129	91
MGYG000004130	38
MGYG000004131	35
MGYG000004132	61
MGYG000004133	94
MGYG000004134	27
MGYG000004135	421
MGYG000004136	202
MGYG000004137	46
MGYG000004138	8
MGYG000004139	269
MGYG000004140	97
MGYG000004141	54
MGYG000004142	37
MGYG000004143	39
MGYG000004144	507
MGYG000004145	32
MGYG000004146	107
MGYG000004148	197
MGYG000004149	32
MGYG000004150	31
MGYG000004151	197
MGYG000004152	244
MGYG000004153	76
MGYG000004154	606
MGYG000004155	28
MGYG000004156	67
MGYG000004157	175
MGYG000004158	24
MGYG000004159	76
MGYG000004160	242
MGYG000004161	48
MGYG000004162	12
MGYG000004163	94
MGYG000004164	180
MGYG000004165	47
MGYG000004166	51
MGYG000004167	33
MGYG000004168	58
MGYG000004169	486
MGYG000004170	19
MGYG000004171	104
MGYG000004172	27
MGYG000004173	26
MGYG000004174	146
MGYG000004175	50
MGYG000004176	728
MGYG000004177	21
MGYG000004178	32
MGYG000004179	184
MGYG000004180	93
MGYG000004181	86
MGYG000004182	140
MGYG000004183	124
MGYG000004184	317
MGYG000004185	37
MGYG000004186	142
MGYG000004187	490
MGYG000004188	46
MGYG000004189	40
MGYG000004191	30
MGYG000004192	181
MGYG000004193	308
MGYG000004194	54
MGYG000004195	35
MGYG000004196	45
MGYG000004197	85
MGYG000004198	102
MGYG000004199	54
MGYG000004200	35
MGYG000004201	164
MGYG000004202	156
MGYG000004203	39
MGYG000004204	28
MGYG000004205	17
MGYG000004206	199
MGYG000004207	28
MGYG000004208	95
MGYG000004209	35
MGYG000004210	15
MGYG000004211	12
MGYG000004212	54
MGYG000004213	70
MGYG000004214	123
MGYG000004215	45
MGYG000004216	29
MGYG000004217	384
MGYG000004218	30
MGYG000004219	80
MGYG000004220	55
MGYG000004221	35
MGYG000004222	14
MGYG000004223	37
MGYG000004224	156
MGYG000004226	8
MGYG000004227	259
MGYG000004228	41
MGYG000004229	29
MGYG000004230	198
MGYG000004231	93
MGYG000004232	253
MGYG000004233	188
MGYG000004234	247
MGYG000004235	575
MGYG000004236	23
MGYG000004237	10
MGYG000004238	450
MGYG000004239	43
MGYG000004240	174
MGYG000004241	23
MGYG000004242	23
MGYG000004243	355
MGYG000004244	27
MGYG000004245	18
MGYG000004246	24
MGYG000004247	347
MGYG000004248	28
MGYG000004249	65
MGYG000004250	64
MGYG000004251	445
MGYG000004252	31
MGYG000004253	90
MGYG000004254	24
MGYG000004255	84
MGYG000004256	13
MGYG000004257	105
MGYG000004258	53
MGYG000004259	9
MGYG000004260	34
MGYG000004261	156
MGYG000004262	72
MGYG000004263	120
MGYG000004264	436
MGYG000004265	23
MGYG000004266	254
MGYG000004267	74
MGYG000004268	410
MGYG000004269	283
MGYG000004270	197
MGYG000004271	55
MGYG000004272	121
MGYG000004274	156
MGYG000004275	296
MGYG000004276	49
MGYG000004277	117
MGYG000004278	161
MGYG000004279	235
MGYG000004280	371
MGYG000004281	121
MGYG000004282	25
MGYG000004283	14
MGYG000004284	83
MGYG000004285	51
MGYG000004286	85
MGYG000004287	25
MGYG000004288	30
MGYG000004289	14
MGYG000004290	312
MGYG000004291	43
MGYG000004292	152
MGYG000004293	109
MGYG000004294	53
MGYG000004295	211
MGYG000004296	149
MGYG000004297	75
MGYG000004298	65
MGYG000004299	20
MGYG000004300	220
MGYG000004301	252
MGYG000004302	23
MGYG000004303	48
MGYG000004304	347
MGYG000004305	221
MGYG000004306	105
MGYG000004307	28
MGYG000004308	66
MGYG000004309	66
MGYG000004310	46
MGYG000004311	33
MGYG000004312	155
MGYG000004313	12
MGYG000004314	26
MGYG000004315	73
MGYG000004316	91
MGYG000004317	41
MGYG000004318	17
MGYG000004319	21
MGYG000004320	111
MGYG000004321	34
MGYG000004322	21
MGYG000004323	22
MGYG000004324	330
MGYG000004325	156
MGYG000004326	229
MGYG000004327	251
MGYG000004328	40
MGYG000004329	83
MGYG000004330	135
MGYG000004331	197
MGYG000004332	83
MGYG000004333	29
MGYG000004334	70
MGYG000004335	65
MGYG000004336	200
MGYG000004337	21
MGYG000004338	203
MGYG000004339	103
MGYG000004340	190
MGYG000004341	74
MGYG000004342	82
MGYG000004343	100
MGYG000004344	82
MGYG000004345	48
MGYG000004346	437
MGYG000004347	330
MGYG000004348	16
MGYG000004349	29
MGYG000004350	72
MGYG000004351	63
MGYG000004352	13
MGYG000004353	352
MGYG000004354	183
MGYG000004355	78
MGYG000004356	42
MGYG000004357	16
MGYG000004358	270
MGYG000004359	42
MGYG000004360	100
MGYG000004361	96
MGYG000004362	52
MGYG000004363	352
MGYG000004364	376
MGYG000004365	102
MGYG000004366	61
MGYG000004367	88
MGYG000004368	68
MGYG000004369	73
MGYG000004370	35
MGYG000004371	125
MGYG000004372	339
MGYG000004373	351
MGYG000004374	192
MGYG000004375	238
MGYG000004376	126
MGYG000004377	449
MGYG000004378	153
MGYG000004379	76
MGYG000004380	39
MGYG000004381	37
MGYG000004382	45
MGYG000004383	229
MGYG000004384	287
MGYG000004385	96
MGYG000004386	89
MGYG000004387	86
MGYG000004388	97
MGYG000004389	4
MGYG000004390	94
MGYG000004391	13
MGYG000004392	14
MGYG000004393	39
MGYG000004394	8
MGYG000004395	22
MGYG000004396	161
MGYG000004397	17
MGYG000004398	323
MGYG000004399	283
MGYG000004400	28
MGYG000004401	35
MGYG000004402	67
MGYG000004403	60
MGYG000004405	28
MGYG000004406	19
MGYG000004407	223
MGYG000004408	248
MGYG000004409	19
MGYG000004410	245
MGYG000004411	19
MGYG000004412	34
MGYG000004413	354
MGYG000004414	86
MGYG000004415	220
MGYG000004416	157
MGYG000004417	32
MGYG000004418	8
MGYG000004419	135
MGYG000004420	33
MGYG000004421	257
MGYG000004422	193
MGYG000004423	21
MGYG000004424	175
MGYG000004425	8
MGYG000004426	5
MGYG000004427	26
MGYG000004428	30
MGYG000004429	443
MGYG000004430	67
MGYG000004431	96
MGYG000004432	22
MGYG000004433	465
MGYG000004434	32
MGYG000004435	30
MGYG000004436	557
MGYG000004437	15
MGYG000004438	53
MGYG000004439	169
MGYG000004440	26
MGYG000004442	346
MGYG000004443	174
MGYG000004444	86
MGYG000004445	72
MGYG000004446	18
MGYG000004447	39
MGYG000004449	130
MGYG000004450	32
MGYG000004451	25
MGYG000004452	25
MGYG000004453	37
MGYG000004454	84
MGYG000004455	30
MGYG000004456	69
MGYG000004457	456
MGYG000004458	50
MGYG000004459	27
MGYG000004460	55
MGYG000004461	80
MGYG000004462	53
MGYG000004463	135
MGYG000004464	57
MGYG000004465	148
MGYG000004466	145
MGYG000004467	111
MGYG000004468	15
MGYG000004469	44
MGYG000004470	424
MGYG000004471	75
MGYG000004472	30
MGYG000004473	60
MGYG000004474	144
MGYG000004475	118
MGYG000004476	43
MGYG000004477	22
MGYG000004478	66
MGYG000004479	82
MGYG000004480	24
MGYG000004481	65
MGYG000004482	36
MGYG000004483	111
MGYG000004484	56
MGYG000004485	43
MGYG000004486	58
MGYG000004487	61
MGYG000004488	62
MGYG000004489	162
MGYG000004490	56
MGYG000004491	207
MGYG000004492	34
MGYG000004493	27
MGYG000004494	25
MGYG000004495	68
MGYG000004496	182
MGYG000004497	496
MGYG000004498	23
MGYG000004499	98
MGYG000004501	87
MGYG000004502	42
MGYG000004503	267
MGYG000004504	306
MGYG000004505	407
MGYG000004506	242
MGYG000004507	22
MGYG000004508	56
MGYG000004509	23
MGYG000004510	82
MGYG000004512	11
MGYG000004513	313
MGYG000004514	233
MGYG000004515	36
MGYG000004516	40
MGYG000004517	135
MGYG000004518	8
MGYG000004519	219
MGYG000004520	63
MGYG000004521	48
MGYG000004522	86
MGYG000004523	448
MGYG000004525	80
MGYG000004526	57
MGYG000004527	15
MGYG000004528	34
MGYG000004529	120
MGYG000004530	71
MGYG000004531	380
MGYG000004532	52
MGYG000004533	85
MGYG000004534	58
MGYG000004535	61
MGYG000004536	43
MGYG000004537	113
MGYG000004538	48
MGYG000004539	21
MGYG000004540	48
MGYG000004541	124
MGYG000004542	78
MGYG000004543	257
MGYG000004544	30
MGYG000004545	22
MGYG000004546	140
MGYG000004547	263
MGYG000004548	75
MGYG000004549	315
MGYG000004550	134
MGYG000004551	33
MGYG000004552	32
MGYG000004553	76
MGYG000004554	442
MGYG000004555	268
MGYG000004556	652
MGYG000004557	123
MGYG000004558	50
MGYG000004559	151
MGYG000004560	58
MGYG000004561	92
MGYG000004562	45
MGYG000004563	90
MGYG000004564	90
MGYG000004565	63
MGYG000004566	444
MGYG000004567	23
MGYG000004568	4
MGYG000004569	44
MGYG000004570	21
MGYG000004571	116
MGYG000004572	349
MGYG000004573	50
MGYG000004574	304
MGYG000004575	299
MGYG000004576	14
MGYG000004577	420
MGYG000004578	32
MGYG000004581	137
MGYG000004582	57
MGYG000004583	245
MGYG000004584	263
MGYG000004585	37
MGYG000004586	368
MGYG000004587	48
MGYG000004588	111
MGYG000004589	132
MGYG000004590	162
MGYG000004591	20
MGYG000004592	51
MGYG000004593	52
MGYG000004594	35
MGYG000004595	373
MGYG000004596	166
MGYG000004597	153
MGYG000004598	59
MGYG000004599	161
MGYG000004600	67
MGYG000004601	49
MGYG000004602	89
MGYG000004603	18
MGYG000004604	378
MGYG000004605	76
MGYG000004606	12
MGYG000004607	54
MGYG000004608	81
MGYG000004609	570
MGYG000004610	92
MGYG000004611	99
MGYG000004612	118
MGYG000004613	28
MGYG000004614	130
MGYG000004615	51
MGYG000004616	310
MGYG000004617	457
MGYG000004618	313
MGYG000004619	54
MGYG000004620	153
MGYG000004621	193
MGYG000004622	113
MGYG000004623	376
MGYG000004624	390
MGYG000004625	29
MGYG000004626	21
MGYG000004627	37
MGYG000004628	164
MGYG000004629	68
MGYG000004630	116
MGYG000004631	210
MGYG000004632	75
MGYG000004633	257
MGYG000004634	369
MGYG000004635	352
MGYG000004636	125
MGYG000004637	182
MGYG000004638	81
MGYG000004639	13
MGYG000004640	276
MGYG000004642	23
MGYG000004643	11
MGYG000004644	237
MGYG000004645	105
MGYG000004646	438
MGYG000004647	28
MGYG000004648	448
MGYG000004649	212
MGYG000004650	188
MGYG000004651	34
MGYG000004652	30
MGYG000004653	290
MGYG000004654	57
MGYG000004655	89
MGYG000004656	596
MGYG000004657	111
MGYG000004658	144
MGYG000004659	492
MGYG000004660	278
MGYG000004661	717
MGYG000004662	443
MGYG000004663	69
MGYG000004664	29
MGYG000004665	122
MGYG000004666	35
MGYG000004667	130
MGYG000004668	45
MGYG000004669	123
MGYG000004670	589
MGYG000004671	149
MGYG000004672	37
MGYG000004673	27
MGYG000004674	544
MGYG000004675	85
MGYG000004676	25
MGYG000004677	79
MGYG000004678	23
MGYG000004679	406
MGYG000004680	104
MGYG000004681	191
MGYG000004682	314
MGYG000004683	228
MGYG000004684	291
MGYG000004685	45
MGYG000004686	334
MGYG000004687	56
MGYG000004688	71
MGYG000004689	126
MGYG000004690	581
MGYG000004691	234
MGYG000004692	58
MGYG000004693	109
MGYG000004694	93
MGYG000004695	396
MGYG000004696	76
MGYG000004697	83
MGYG000004698	195
MGYG000004699	1134
MGYG000004700	511
MGYG000004701	423
MGYG000004702	448
MGYG000004703	109
MGYG000004704	278
MGYG000004705	34
MGYG000004706	15
MGYG000004707	105
MGYG000004708	157
MGYG000004709	469
MGYG000004710	480
MGYG000004711	167
MGYG000004712	76
MGYG000004713	388
MGYG000004714	770
MGYG000004715	80
MGYG000004716	72
MGYG000004717	214
MGYG000004718	223
MGYG000004719	63
MGYG000004720	46
MGYG000004721	84
MGYG000004722	72
MGYG000004723	101
MGYG000004724	112
MGYG000004725	25
MGYG000004726	48
MGYG000004727	522
MGYG000004728	72
MGYG000004729	67
MGYG000004730	1509
MGYG000004731	624
MGYG000004732	79
MGYG000004733	102
MGYG000004734	18
MGYG000004735	52
MGYG000004736	177
MGYG000004737	61
MGYG000004738	93
MGYG000004739	155
MGYG000004740	68
MGYG000004741	260
MGYG000004742	507
MGYG000004743	183
MGYG000004744	227
MGYG000004745	178
MGYG000004746	48
MGYG000004747	114
MGYG000004748	67
MGYG000004749	494
MGYG000004750	453
MGYG000004751	106
MGYG000004752	384
MGYG000004753	36
MGYG000004754	13
MGYG000004755	313
MGYG000004756	30
MGYG000004757	284
MGYG000004758	143
MGYG000004759	244
MGYG000004760	360
MGYG000004761	288
MGYG000004762	59
MGYG000004763	82
MGYG000004764	436
MGYG000004765	43
MGYG000004766	516
MGYG000004767	7
MGYG000004768	187
MGYG000004769	21
MGYG000004770	74
MGYG000004771	58
MGYG000004772	531
MGYG000004773	117
MGYG000004774	117
MGYG000004775	782
MGYG000004776	23
MGYG000004777	58
MGYG000004778	304
MGYG000004779	59
MGYG000004780	63
MGYG000004781	65
MGYG000004782	634
MGYG000004783	93
MGYG000004784	45
MGYG000004785	309
MGYG000004786	116
MGYG000004787	350
MGYG000004788	105
MGYG000004789	143
MGYG000004790	81
MGYG000004791	282
MGYG000004792	55
MGYG000004793	661
MGYG000004794	60
MGYG000004795	31
MGYG000004796	895
MGYG000004797	141
MGYG000004798	16
MGYG000004799	224
MGYG000004800	360
MGYG000004801	43
MGYG000004802	262
MGYG000004803	273
MGYG000004804	49
MGYG000004805	108
MGYG000004806	38
MGYG000004807	121
MGYG000004808	310
MGYG000004809	112
MGYG000004810	485
MGYG000004811	314
MGYG000004812	71
MGYG000004813	678
MGYG000004814	610
MGYG000004815	65
MGYG000004816	39
MGYG000004817	891
MGYG000004818	190
MGYG000004819	57
MGYG000004820	313
MGYG000004821	255
MGYG000004822	459
MGYG000004823	317
MGYG000004824	45
MGYG000004825	39
MGYG000004826	264
MGYG000004827	192
MGYG000004828	75
MGYG000004829	132
MGYG000004830	36
MGYG000004831	50
MGYG000004832	119
MGYG000004833	285
MGYG000004834	282
MGYG000004835	788
MGYG000004836	84
MGYG000004837	189
MGYG000004838	811
MGYG000004839	128
MGYG000004840	75
MGYG000004841	37
MGYG000004842	65
MGYG000004843	39
MGYG000004844	315
MGYG000004845	58
MGYG000004846	39
MGYG000004847	50
MGYG000004848	36
MGYG000004849	259
MGYG000004850	215
MGYG000004851	876
MGYG000004852	987
MGYG000004853	813
MGYG000004854	78
MGYG000004855	236
MGYG000004856	534
MGYG000004857	729
MGYG000004858	289
MGYG000004859	184
MGYG000004860	48
MGYG000004861	62
MGYG000004862	51
MGYG000004863	64
MGYG000004864	101
MGYG000004865	185
MGYG000004866	80
MGYG000004867	223
MGYG000004868	443
MGYG000004869	69
MGYG000004870	850
MGYG000004871	69
MGYG000004872	49
MGYG000004873	391
MGYG000004874	972
MGYG000004875	51
MGYG000004876	93
MGYG000004877	105
MGYG000004878	624
MGYG000004879	168
MGYG000004880	39
MGYG000004881	669
MGYG000004882	79
MGYG000004883	86
MGYG000004884	444
MGYG000004885	44
MGYG000004886	750
MGYG000004887	32
MGYG000004888	610
MGYG000004889	147
MGYG000004890	137
MGYG000004891	91
MGYG000004892	312
MGYG000004893	48
MGYG000004894	644
MGYG000004895	429
MGYG000004896	186
MGYG000004897	142
MGYG000004898	325
MGYG000004899	53
MGYG000004900	151
MGYG000004901	986
MGYG000004902	131
MGYG000004903	149
MGYG000004904	15
MGYG000004905	530
